0,0;0,00708770751953125;0,0035266876220703125
0,002;-0,00634002685546875;0,0002307891845703125
0,004;0,00672149658203125;-0,0064830780029296875
0,006;-0,00133514404296875;0,008043289184570312
0,008;-0,00328826904296875;0,0009632110595703125
0,01;7,62939453125e-06;0,0008411407470703125
0,012;0,00086212158203125;-0,0013561248779296875
0,014;-0,00121307373046875;0,0008411407470703125
0,016;0,00135040283203125;-0,0031871795654296875
0,018;0,00550079345703125;-0,0059947967529296875
0,02;-0,00072479248046875;0,008531570434570312
0,022;-0,00597381591796875;0,0076770782470703125
0,024;-0,00487518310546875;-0,0006237030029296875
0,026;0,00757598876953125;0,0015735626220703125
0,028;-0,00585174560546875;-0,0007457733154296875
0,03;0,00037384033203125;0,0065784454345703125
0,032;-0,00377655029296875;0,0069446563720703125
0,034;0,00232696533203125;-0,0057506561279296875
0,036;-0,00109100341796875;-0,0048961639404296875
0,038;0,00086212158203125;0,0034046173095703125
0,04;0,00171661376953125;0,0034046173095703125
0,042;-0,00426483154296875;0,008287429809570312
0,044;-0,00438690185546875;-0,0003795623779296875
0,046;-0,00341033935546875;-1,33514404296875e-05
0,048;-0,00170135498046875;0,0069446563720703125
0,05;-0,00560760498046875;-0,0007457733154296875
0,052;-0,00487518310546875;-0,0019664764404296875
0,054;0,00037384033203125;0,0074329376220703125
0,056;0,00391387939453125;0,0034046173095703125
0,058;-0,00597381591796875;-0,0044078826904296875
0,06;-0,00072479248046875;0,0063343048095703125
0,062;0,00147247314453125;-0,0046520233154296875
0,064;-0,00023651123046875;0,0003528594970703125
0,066;-0,00194549560546875;0,0045032501220703125
0,068;-0,00426483154296875;-0,0005016326904296875
0,07;0,00025177001953125;-0,0003795623779296875
0,072;0,00012969970703125;0,0070667266845703125
0,074;0,00318145751953125;-0,0033092498779296875
0,076;-0,00170135498046875;0,0007190704345703125
0,078;-0,00170135498046875;-0,0006237030029296875
0,08;0,00904083251953125;-0,0062389373779296875
0,082;-0,00402069091796875;-0,0011119842529296875
0,084;-0,00243377685546875;0,0056018829345703125
0,086;0,00220489501953125;-0,0033092498779296875
0,088;0,00110626220703125;0,0007190704345703125
0,09;0,00086212158203125;-0,0009899139404296875
0,092;-0,00109100341796875;-0,0036754608154296875
0,094;-0,00487518310546875;-0,0011119842529296875
0,096;-0,00072479248046875;-0,0018444061279296875
0,098;0,00757598876953125;0,0020618438720703125
0,1;-0,00609588623046875;0,0070667266845703125
0,102;-0,00548553466796875;0,0071887969970703125
0,104;-0,00389862060546875;0,0003528594970703125
0,106;-0,00084686279296875;-0,0061168670654296875
0,108;0,00122833251953125;0,0077991485595703125
0,11;-0,00634002685546875;-0,0001354217529296875
0,112;0,00037384033203125;-0,0007457733154296875
0,114;-0,00145721435546875;0,008775711059570312
0,116;-0,00499725341796875;-0,0031871795654296875
0,118;7,62939453125e-06;-0,0037975311279296875
0,12;0,00135040283203125;-0,0026988983154296875
0,122;-0,00194549560546875;-0,0007457733154296875
0,124;-0,00121307373046875;-0,0019664764404296875
0,126;-0,00267791748046875;-0,0028209686279296875
0,128;-0,00243377685546875;-0,0030651092529296875
0,13;-0,00060272216796875;0,0043811798095703125
0,132;-0,00536346435546875;-0,0014781951904296875
0,134;0,00074005126953125;0,0067005157470703125
0,136;-0,00548553466796875;-0,0067272186279296875
0,138;0,00782012939453125;-0,0063610076904296875
0,14;-0,00109100341796875;0,0038928985595703125
0,142;-0,00511932373046875;-0,0011119842529296875
0,144;-0,00072479248046875;0,0059680938720703125
0,146;-0,00389862060546875;-0,0014781951904296875
0,148;-0,00072479248046875;-0,0009899139404296875
0,15;-0,00279998779296875;-0,0035533905029296875
0,152;-0,00133514404296875;0,0035266876220703125
0,154;-0,00353240966796875;0,0075550079345703125
0,156;-0,00377655029296875;-0,0008678436279296875
0,158;-0,00194549560546875;0,0004749298095703125
0,16;0,00366973876953125;-0,0058727264404296875
0,162;0,00635528564453125;0,0014514923095703125
0,164;-0,00426483154296875;-0,0035533905029296875
0,166;0,00782012939453125;0,0016956329345703125
0,168;0,00647735595703125;0,0034046173095703125
0,17;0,00489044189453125;-0,0058727264404296875
0,172;0,00879669189453125;-0,0048961639404296875
0,174;-0,00231170654296875;0,0008411407470703125
0,176;-0,00243377685546875;0,0075550079345703125
0,178;-0,00572967529296875;0,0008411407470703125
0,18;-0,00463104248046875;0,008775711059570312
0,182;-0,00597381591796875;-0,0009899139404296875
0,184;0,00830841064453125;0,0023059844970703125
0,186;-0,00316619873046875;-0,0006237030029296875
0,188;0,00855255126953125;-0,0005016326904296875
0,19;0,00037384033203125;0,0064563751220703125
0,192;0,00208282470703125;0,0012073516845703125
0,194;-0,00292205810546875;-0,0003795623779296875
0,196;0,00904083251953125;-0,0052623748779296875
0,198;0,00806427001953125;0,0046253204345703125
0,2;-0,00511932373046875;-0,0008678436279296875
0,202;0,00769805908203125;0,0020618438720703125
0,204;-0,00377655029296875;-0,0007457733154296875
0,206;0,00720977783203125;0,0014514923095703125
0,208;0,00281524658203125;-0,0067272186279296875
0,21;-0,00243377685546875;0,008043289184570312
0,212;0,00550079345703125;-0,0064830780029296875
0,214;-0,00279998779296875;-0,0009899139404296875
0,216;-0,00255584716796875;0,0009632110595703125
0,218;0,00562286376953125;-0,0059947967529296875
0,22;0,00574493408203125;-0,0034313201904296875
0,222;7,62939453125e-06;0,0007190704345703125
0,224;-0,00048065185546875;-0,0007457733154296875
0,226;-0,00157928466796875;-0,0035533905029296875
0,228;-0,00475311279296875;0,0054798126220703125
0,23;-0,00585174560546875;-0,0035533905029296875
0,232;0,00830841064453125;0,0010852813720703125
0,234;0,00147247314453125;-0,0039196014404296875
0,236;-0,00048065185546875;-0,0014781951904296875
0,238;0,00623321533203125;-0,0053844451904296875
0,24;0,00037384033203125;-0,0005016326904296875
0,242;-0,00121307373046875;-0,0001354217529296875
0,244;0,00623321533203125;-0,0040416717529296875
0,246;0,00098419189453125;-0,0006237030029296875
0,248;0,00061798095703125;0,0001087188720703125
0,25;0,00122833251953125;0,0064563751220703125
0,252;-0,00634002685546875;-0,0007457733154296875
0,254;-0,00304412841796875;0,0076770782470703125
0,256;-0,00585174560546875;0,0048694610595703125
0,258;-0,00365447998046875;-0,0042858123779296875
0,26;-0,00157928466796875;0,0058460235595703125
0,262;-0,00499725341796875;0,0002307891845703125
0,264;-0,00438690185546875;-0,0055065155029296875
0,266;-0,00121307373046875;0,0053577423095703125
0,268;-0,00634002685546875;-0,0044078826904296875
0,27;0,00037384033203125;-0,0017223358154296875
0,272;0,00049591064453125;0,0047473907470703125
0,274;-0,00450897216796875;-0,0006237030029296875
0,276;-0,00035858154296875;0,0077991485595703125
0,278;-0,00438690185546875;-0,0034313201904296875
0,28;0,00074005126953125;0,008653640747070312
0,282;-0,00499725341796875;-0,0006237030029296875
0,284;-0,00341033935546875;-0,0036754608154296875
0,286;-0,00072479248046875;-0,0018444061279296875
0,288;0,00037384033203125;0,0067005157470703125
0,29;0,00208282470703125;0,0023059844970703125
0,292;-0,00511932373046875;-0,0040416717529296875
0,294;0,00025177001953125;0,008531570434570312
0,296;-0,00609588623046875;-0,0025768280029296875
0,298;0,00135040283203125;-0,0028209686279296875
0,3;-0,00231170654296875;-0,0005016326904296875
0,302;-0,00170135498046875;0,0008411407470703125
0,304;-0,00194549560546875;-0,0025768280029296875
0,306;-0,00231170654296875;0,0001087188720703125
0,308;-0,00011444091796875;0,0007190704345703125
0,31;-0,00255584716796875;-0,0022106170654296875
0,312;-0,00096893310546875;-0,0036754608154296875
0,314;0,00135040283203125;-0,0019664764404296875
0,316;7,62939453125e-06;-0,0011119842529296875
0,318;0,00745391845703125;-0,0067272186279296875
0,32;-0,00231170654296875;0,0068225860595703125
0,322;-0,00634002685546875;-0,0039196014404296875
0,324;-0,00035858154296875;0,0004749298095703125
0,326;0,00733184814453125;-0,0063610076904296875
0,328;0,00110626220703125;0,0076770782470703125
0,33;-0,00341033935546875;0,0060901641845703125
0,332;-0,00524139404296875;0,0008411407470703125
0,334;0,00733184814453125;-0,0058727264404296875
0,336;0,00489044189453125;0,0034046173095703125
0,338;0,00220489501953125;0,0010852813720703125
0,34;-0,00487518310546875;-0,0039196014404296875
0,342;0,00708770751953125;0,0014514923095703125
0,344;0,00391387939453125;-0,0047740936279296875
0,346;0,00074005126953125;0,0004749298095703125
0,348;0,00122833251953125;0,0003528594970703125
0,35;-0,00145721435546875;-0,0005016326904296875
0,352;0,00867462158203125;-0,0062389373779296875
0,354;-0,00060272216796875;-0,0018444061279296875
0,356;0,00659942626953125;0,0037708282470703125
0,358;0,00623321533203125;-0,0022106170654296875
0,36;0,00904083251953125;-0,0067272186279296875
0,362;0,00720977783203125;-0,0059947967529296875
0,364;-0,00170135498046875;0,008653640747070312
0,366;0,00391387939453125;-0,0053844451904296875
0,368;0,00464630126953125;0,0025501251220703125
0,37;-0,00438690185546875;0,0057239532470703125
0,372;0,00293731689453125;0,0045032501220703125
0,374;0,00244903564453125;-0,0036754608154296875
0,376;0,00806427001953125;-0,0063610076904296875
0,378;0,00891876220703125;0,0051136016845703125
0,38;-0,00597381591796875;0,0060901641845703125
0,382;0,00574493408203125;-0,0046520233154296875
0,384;0,00733184814453125;-0,0051403045654296875
0,386;0,00049591064453125;0,0065784454345703125
0,388;0,00232696533203125;-0,0067272186279296875
0,39;0,00879669189453125;0,0019397735595703125
0,392;-0,00609588623046875;-0,0026988983154296875
0,394;7,62939453125e-06;0,0076770782470703125
0,396;-0,00414276123046875;0,0008411407470703125
0,398;7,62939453125e-06;0,0073108673095703125
0,4;0,00196075439453125;-0,0067272186279296875
0,402;-0,00341033935546875;-0,0029430389404296875
0,404;-0,00267791748046875;0,008165359497070312
0,406;-0,00463104248046875;-0,0006237030029296875
0,408;-0,00011444091796875;-0,0016002655029296875
0,41;-0,00121307373046875;0,0002307891845703125
0,412;-0,00121307373046875;-0,0001354217529296875
0,414;-0,00341033935546875;-0,0007457733154296875
0,416;-0,00341033935546875;-0,0045299530029296875
0,418;0,00623321533203125;-0,0058727264404296875
0,42;0,00293731689453125;-0,0059947967529296875
0,422;-0,00048065185546875;0,0020618438720703125
0,424;0,00183868408203125;-0,0047740936279296875
0,426;-0,00145721435546875;-0,0012340545654296875
0,428;0,00635528564453125;-0,0048961639404296875
0,43;-0,00096893310546875;-0,0023326873779296875
0,432;0,00696563720703125;0,0027942657470703125
0,434;-0,00487518310546875;0,0008411407470703125
0,436;7,62939453125e-06;-0,0024547576904296875
0,438;0,00122833251953125;0,0009632110595703125
0,44;0,00025177001953125;0,0008411407470703125
0,442;-0,00048065185546875;0,0024280548095703125
0,444;-0,00621795654296875;0,0065784454345703125
0,446;-0,00548553466796875;-0,0025768280029296875
0,448;0,00049591064453125;-0,0051403045654296875
0,45;0,00098419189453125;0,0001087188720703125
0,452;-0,00072479248046875;0,0049915313720703125
0,454;-0,00328826904296875;-0,0042858123779296875
0,456;0,00037384033203125;-0,0030651092529296875
0,458;0,00012969970703125;-0,0035533905029296875
0,46;0,00086212158203125;0,008653640747070312
0,462;-0,00634002685546875;-0,0045299530029296875
0,464;0,00037384033203125;-0,0019664764404296875
0,466;0,00049591064453125;0,008043289184570312
0,468;-0,00450897216796875;0,0073108673095703125
0,47;-0,00597381591796875;-0,0029430389404296875
0,472;0,00049591064453125;-0,0005016326904296875
0,474;-0,00145721435546875;-0,0018444061279296875
0,476;0,00135040283203125;-0,0007457733154296875
0,478;-0,00194549560546875;0,0056018829345703125
0,48;-0,00536346435546875;0,0004749298095703125
0,482;0,00855255126953125;-0,0067272186279296875
0,484;0,00086212158203125;-0,0018444061279296875
0,486;0,00891876220703125;-0,0063610076904296875
0,488;0,00513458251953125;0,0060901641845703125
0,49;-0,00389862060546875;0,008409500122070312
0,492;-0,00487518310546875;0,0046253204345703125
0,494;0,00183868408203125;0,0021839141845703125
0,496;0,00183868408203125;0,0031604766845703125
0,498;0,00305938720703125;-0,0061168670654296875
0,5;0,00916290283203125;-0,0053844451904296875
0,502;0,00623321533203125;0,0016956329345703125
0,504;-0,00475311279296875;-0,0023326873779296875
0,506;0,00037384033203125;-0,0011119842529296875
0,508;0,00244903564453125;-0,0046520233154296875
0,51;-0,00048065185546875;0,0063343048095703125
0,512;-0,00585174560546875;-0,0009899139404296875
0,514;0,00525665283203125;-0,0026988983154296875
0,516;0,00720977783203125;-0,0048961639404296875
0,518;-0,00072479248046875;0,0008411407470703125
0,52;0,00061798095703125;0,008653640747070312
0,522;0,00354766845703125;0,009141921997070312
0,524;0,00342559814453125;0,0053577423095703125
0,526;-0,03112030029296875;-0,023694992065429688
0,528;-0,06603240966796875;0,0010852813720703125
0,53;-0,11791229248046875;-0,0007457733154296875
0,532;-0,17137908935546875;-0,017835617065429688
0,534;-0,06481170654296875;0,014635086059570312
0,536;-0,39513397216796875;0,027696609497070312
0,538;-0,43444061279296875;0,0047473907470703125
0,54;-0,28392791748046875;0,0037708282470703125
0,542;-0,05272674560546875;-0,0037975311279296875
0,544;-0,03734588623046875;-0,0035533905029296875
0,546;0,03369903564453125;0,0047473907470703125
0,548;-0,28295135498046875;0,0008411407470703125
0,55;-0,08556365966796875;-0,0056285858154296875
0,552;0,24378204345703125;0,0040149688720703125
0,554;0,40650177001953125;-0,03333854675292969
0,556;0,19995880126953125;0,024278640747070312
0,558;-0,10997772216796875;0,022447586059570312
0,56;0,11109161376953125;-0,0064830780029296875
0,562;0,25830841064453125;0,0009632110595703125
0,564;0,35083770751953125;0,0041370391845703125
0,566;0,15418243408203125;-0,0040416717529296875
0,568;0,04578399658203125;0,0049915313720703125
0,57;0,20423126220703125;-0,014173507690429688
0,572;0,33301544189453125;0,0020618438720703125
0,574;0,20642852783203125;-0,0062389373779296875
0,576;0,03589630126953125;0,011461257934570312
0,578;-0,09239959716796875;0,06260871887207031
0,58;0,07044219970703125;-0,03980827331542969
0,582;0,04456329345703125;0,04612922668457031
0,584;0,05542755126953125;-0,03248405456542969
0,586;0,04834747314453125;0,03538703918457031
0,588;0,05176544189453125;0,013658523559570312
0,59;-0,02318572998046875;-0,026014328002929688
0,592;0,06641387939453125;-0,018690109252929688
0,594;0,08692169189453125;0,018053054809570312
0,596;-0,01842498779296875;0,0057239532470703125
0,598;-0,09081268310546875;-0,011732101440429688
0,6;0,01148223876953125;-0,0031871795654296875
0,602;0,12574005126953125;-0,0012340545654296875
0,604;0,00818634033203125;-0,012586593627929688
0,606;-0,00939178466796875;-0,014173507690429688
0,608;-0,11974334716796875;0,010240554809570312
0,61;-0,09972381591796875;0,014879226684570312
0,612;-0,01854705810546875;0,0015735626220703125
0,614;-0,04381561279296875;-0,0039196014404296875
0,616;-0,12474822998046875;0,0004749298095703125
0,618;-0,10472869873046875;-0,012464523315429688
0,62;-0,07567596435546875;0,008043289184570312
0,622;0,01978302001953125;0,020128250122070312
0,624;0,00208282470703125;0,026597976684570312
0,626;-0,04149627685546875;-0,03126335144042969
0,628;-0,15111541748046875;0,014513015747070312
0,63;-0,01378631591796875;-0,012464523315429688
0,632;0,01807403564453125;-0,0055065155029296875
0,634;0,09131622314453125;0,023546218872070312
0,636;0,03614044189453125;-0,016126632690429688
0,638;0,00562286376953125;-0,008802413940429688
0,64;0,11438751220703125;-0,0023326873779296875
0,642;0,15479278564453125;-0,013929367065429688
0,644;0,17969512939453125;0,0052356719970703125
0,646;0,21814727783203125;0,020616531372070312
0,648;0,08740997314453125;0,011461257934570312
0,65;0,23657989501953125;-0,0020885467529296875
0,652;0,09778594970703125;0,0071887969970703125
0,654;0,20850372314453125;-0,0005016326904296875
0,656;0,12683868408203125;0,009019851684570312
0,658;0,03614044189453125;-0,0019664764404296875
0,66;0,06836700439453125;0,0007190704345703125
0,662;0,00379180908203125;0,0077991485595703125
0,664;0,05921173095703125;-0,0075817108154296875
0,666;-0,12389373779296875;0,0013294219970703125
0,668;-0,23754119873046875;-0,0013561248779296875
0,67;-0,21556854248046875;-0,0050182342529296875
0,672;-0,19029998779296875;-0,0020885467529296875
0,674;-0,15953826904296875;0,0045032501220703125
0,676;-0,35436248779296875;-0,0062389373779296875
0,678;-0,25328826904296875;-0,0044078826904296875
0,68;-0,28893280029296875;0,0004749298095703125
0,682;-0,27391815185546875;-0,0016002655029296875
0,684;-0,24864959716796875;-0,0062389373779296875
0,686;-0,18749237060546875;-0,0074596405029296875
0,688;-0,03160858154296875;0,015611648559570312
0,69;-0,08177947998046875;-0,017835617065429688
0,692;0,03711700439453125;0,019762039184570312
0,694;-0,08141326904296875;-0,010633468627929688
0,696;0,12708282470703125;0,014635086059570312
0,698;0,05652618408203125;-0,011487960815429688
0,7;0,09973907470703125;0,008043289184570312
0,702;0,08533477783203125;-0,0068492889404296875
0,704;0,18470001220703125;-0,0046520233154296875
0,706;-0,03209686279296875;-0,0002574920654296875
0,708;-0,03063201904296875;0,0054798126220703125
0,71;-0,13854217529296875;-0,0011119842529296875
0,712;-0,13341522216796875;0,0032825469970703125
0,714;-0,18578338623046875;0,0064563751220703125
0,716;-0,26085662841796875;-0,011487960815429688
0,718;-0,17992401123046875;0,0031604766845703125
0,72;-0,16002655029296875;-0,0001354217529296875
0,722;-0,07213592529296875;-0,0057506561279296875
0,724;-0,14891815185546875;-0,012220382690429688
0,726;-0,03038787841796875;0,009508132934570312
0,728;0,10523223876953125;0,008165359497070312
0,73;0,14002227783203125;0,030260086059570312
0,732;0,19507598876953125;0,04210090637207031
0,734;0,20069122314453125;-0,05885124206542969
0,736;0,27429962158203125;-0,03956413269042969
0,738;0,28528594970703125;0,03209114074707031
0,74;0,36634063720703125;-0,019666671752929688
0,742;0,20215606689453125;0,013292312622070312
0,744;0,16870880126953125;-0,008192062377929688
0,746;-0,01549530029296875;-0,010145187377929688
0,748;0,04370880126953125;-0,012830734252929688
0,75;-0,15587615966796875;-0,0014781951904296875
0,752;-0,15196990966796875;0,0012073516845703125
0,754;-0,30199432373046875;0,020616531372070312
0,756;-0,18285369873046875;0,010728836059570312
0,758;-0,21630096435546875;0,0074329376220703125
0,76;-0,17333221435546875;-0,017957687377929688
0,762;-0,08165740966796875;0,008775711059570312
0,764;-0,03124237060546875;0,010240554809570312
0,766;-0,00072479248046875;-0,0025768280029296875
0,768;0,15650177001953125;0,0051136016845703125
0,77;0,32178497314453125;-0,0029430389404296875
0,772;0,34729766845703125;-0,0052623748779296875
0,774;0,37464141845703125;0,0065784454345703125
0,776;0,33753204345703125;-0,0066051483154296875
0,778;0,36646270751953125;-0,0067272186279296875
0,78;0,09558868408203125;0,0001087188720703125
0,782;0,08264923095703125;-0,0057506561279296875
0,784;-0,11425018310546875;-0,013441085815429688
0,786;-0,09593963623046875;-0,0057506561279296875
0,788;-0,17272186279296875;0,0001087188720703125
0,79;-0,29479217529296875;-0,0029430389404296875
0,792;-0,23009490966796875;0,017076492309570312
0,794;-0,31517791748046875;0,0015735626220703125
0,796;-0,23387908935546875;-0,011487960815429688
0,798;-0,10863494873046875;-0,0014781951904296875
0,8;0,00415802001953125;0,0062122344970703125
0,802;0,07678985595703125;0,0043811798095703125
0,804;0,18494415283203125;-0,0014781951904296875
0,806;0,26648712158203125;-0,008192062377929688
0,808;0,34400177001953125;0,0068225860595703125
0,81;0,42395782470703125;0,0007190704345703125
0,812;0,35645294189453125;-0,0036754608154296875
0,814;0,30518341064453125;0,0071887969970703125
0,816;0,02967071533203125;-0,0014781951904296875
0,818;0,00965118408203125;0,009630203247070312
0,82;-0,18822479248046875;-0,009168624877929688
0,822;-0,20995330810546875;-0,0014781951904296875
0,824;-0,21434783935546875;0,0014514923095703125
0,826;-0,39842987060546875;-0,009901046752929688
0,828;-0,32775115966796875;0,0036487579345703125
0,83;-0,22789764404296875;0,007921218872070312
0,832;-0,13011932373046875;-0,0009899139404296875
0,834;-0,01317596435546875;0,018175125122070312
0,836;0,01782989501953125;-0,026746749877929688
0,838;0,16980743408203125;0,030870437622070312
0,84;0,27979278564453125;0,0034046173095703125
0,842;0,34095001220703125;0,0004749298095703125
0,844;0,29810333251953125;0,0069446563720703125
0,846;0,21106719970703125;-0,012464523315429688
0,848;0,26490020751953125;0,0056018829345703125
0,85;-0,08092498779296875;-0,008314132690429688
0,852;-0,13317108154296875;0,014024734497070312
0,854;-0,23412322998046875;-0,008436203002929688
0,856;-0,35240936279296875;0,0063343048095703125
0,858;-0,34325408935546875;-0,011732101440429688
0,86;-0,34520721435546875;-0,0057506561279296875
0,862;-0,31554412841796875;-0,0062389373779296875
0,864;-0,32128143310546875;0,0034046173095703125
0,866;-0,22509002685546875;0,0068225860595703125
0,868;-0,10387420654296875;0,0004749298095703125
0,87;0,03052520751953125;-0,0042858123779296875
0,872;0,10718536376953125;0,014513015747070312
0,874;0,11634063720703125;0,008043289184570312
0,876;0,28711700439453125;-0,008436203002929688
0,878;0,27295684814453125;-0,013196945190429688
0,88;0,10388946533203125;-0,0053844451904296875
0,882;0,01050567626953125;0,024034500122070312
0,884;-0,23632049560546875;-0,04420280456542969
0,886;-0,16796112060546875;0,009996414184570312
0,888;-0,23314666748046875;-0,010023117065429688
0,89;-0,32775115966796875;-0,06776237487792969
0,892;-0,25341033935546875;0,013170242309570312
0,894;-0,29637908935546875;0,03355598449707031
0,896;-0,25438690185546875;-0,03541374206542969
0,898;-0,08885955810546875;0,029771804809570312
0,9;0,01990509033203125;-0,010633468627929688
0,902;0,21131134033203125;0,014146804809570312
0,904;0,30017852783203125;0,0064563751220703125
0,906;0,26490020751953125;-0,0018444061279296875
0,908;0,37525177001953125;-0,0033092498779296875
0,91;0,30103302001953125;-0,0056285858154296875
0,912;0,18872833251953125;0,0048694610595703125
0,914;0,14868927001953125;-0,0055065155029296875
0,916;-0,10997772216796875;-0,025770187377929688
0,918;0,01660919189453125;0,010484695434570312
0,92;-0,06957244873046875;0,015123367309570312
0,922;-0,18346405029296875;-0,010145187377929688
0,924;-0,12975311279296875;0,007921218872070312
0,926;-0,15331268310546875;0,0038928985595703125
0,928;-0,02977752685546875;0,0077991485595703125
0,93;0,10681915283203125;-0,0047740936279296875
0,932;0,24097442626953125;0,0056018829345703125
0,934;0,19361114501953125;-0,0056285858154296875
0,936;0,25733184814453125;0,0053577423095703125
0,938;0,29846954345703125;0,013048171997070312
0,94;0,23938751220703125;0,0008411407470703125
0,942;0,10279083251953125;0,0012073516845703125
0,944;-0,04491424560546875;-0,0024547576904296875
0,946;-0,04100799560546875;-0,0051403045654296875
0,948;-0,13512420654296875;-0,021131515502929688
0,95;-0,23375701904296875;0,0015735626220703125
0,952;-0,28392791748046875;0,010362625122070312
0,954;-0,17931365966796875;-0,0055065155029296875
0,956;-0,25304412841796875;-0,018568038940429688
0,958;-0,05809783935546875;-0,0028209686279296875
0,96;0,10706329345703125;0,0026721954345703125
0,962;0,17896270751953125;0,020128250122070312
0,964;0,15064239501953125;-0,0063610076904296875
0,966;0,08618927001953125;0,0012073516845703125
0,968;0,28723907470703125;0,008287429809570312
0,97;0,18445587158203125;-0,0007457733154296875
0,972;-0,02660369873046875;-0,0067272186279296875
0,974;-0,02721405029296875;0,0031604766845703125
0,976;-0,05675506591796875;0,0031604766845703125
0,978;-0,17052459716796875;-0,0026988983154296875
0,98;-0,18859100341796875;0,008653640747070312
0,982;-0,08300018310546875;0,0029163360595703125
0,984;-0,10655975341796875;0,0005970001220703125
0,986;-0,01940155029296875;0,0056018829345703125
0,988;0,08155059814453125;-0,016614913940429688
0,99;0,27100372314453125;0,016344070434570312
0,992;0,27381134033203125;-0,014905929565429688
0,994;0,30384063720703125;0,016832351684570312
0,996;0,21949005126953125;-0,011976242065429688
0,998;0,30030059814453125;0,0010852813720703125
1,0;0,09778594970703125;0,0003528594970703125
1,002;-0,00951385498046875;-0,014661788940429688
1,004;-0,06261444091796875;0,015611648559570312
1,006;-0,12987518310546875;0,0025501251220703125
1,008;-0,22679901123046875;-0,0017223358154296875
1,01;-0,13414764404296875;-0,0024547576904296875
1,012;-0,11998748779296875;0,0010852813720703125
1,014;-0,13085174560546875;-0,0029430389404296875
1,016;-0,00109100341796875;0,0020618438720703125
1,018;0,06165313720703125;0,008409500122070312
1,02;0,12256622314453125;-0,0023326873779296875
1,022;0,13526153564453125;-0,008924484252929688
1,024;0,09436798095703125;-0,0014781951904296875
1,026;0,02381134033203125;-0,012952804565429688
1,028;-0,06981658935546875;-0,010145187377929688
1,03;-0,16295623779296875;0,0008411407470703125
1,032;-0,30162811279296875;-0,0012340545654296875
1,034;-0,34044647216796875;-0,009534835815429688
1,036;-0,32640838623046875;-0,0067272186279296875
1,038;-0,34691619873046875;0,018053054809570312
1,04;-0,19042205810546875;-0,011732101440429688
1,042;-0,14354705810546875;0,022447586059570312
1,044;-0,20836639404296875;-0,0008678436279296875
1,046;-0,07884979248046875;0,0071887969970703125
1,048;0,21009063720703125;0,010240554809570312
1,05;0,15430450439453125;-0,009412765502929688
1,052;0,03784942626953125;-0,010755538940429688
1,054;0,03858184814453125;-0,0002574920654296875
1,056;-0,11302947998046875;-0,009412765502929688
1,058;-0,07811737060546875;-0,0030651092529296875
1,06;0,01111602783203125;-0,0013561248779296875
1,062;-0,15697479248046875;-0,009656906127929688
1,064;-0,13854217529296875;0,0001087188720703125
1,066;-0,15868377685546875;0,015001296997070312
1,068;-0,11058807373046875;-0,0036754608154296875
1,07;0,10840606689453125;-0,0003795623779296875
1,072;0,11670684814453125;0,022813796997070312
1,074;0,12903594970703125;0,0037708282470703125
1,076;0,23230743408203125;-0,013441085815429688
1,078;0,31995391845703125;0,009386062622070312
1,08;0,28723907470703125;0,016832351684570312
1,082;0,11109161376953125;-0,016981124877929688
1,084;0,02991485595703125;-0,010145187377929688
1,086;0,09461212158203125;-0,0052623748779296875
1,088;-0,09459686279296875;-0,018812179565429688
1,09;-0,05419158935546875;-0,0036754608154296875
1,092;-0,13890838623046875;0,0064563751220703125
1,094;-0,13414764404296875;-1,33514404296875e-05
1,096;-0,16942596435546875;0,011827468872070312
1,098;-0,03502655029296875;0,027940750122070312
1,1;0,09937286376953125;-0,012342453002929688
1,102;0,18811798095703125;0,0064563751220703125
1,104;0,18738555908203125;0,03953742980957031
1,106;0,14771270751953125;-0,019178390502929688
1,108;-0,00157928466796875;0,08677864074707031
1,11;0,03614044189453125;-0,06385612487792969
1,112;-0,01415252685546875;0,030992507934570312
1,114;-0,08422088623046875;-0,04359245300292969
1,116;-0,17076873779296875;-0,0023326873779296875
1,118;-0,16722869873046875;0,023790359497070312
1,12;-0,24840545654296875;-0,009168624877929688
1,122;-0,22570037841796875;-0,025648117065429688
1,124;-0,10887908935546875;0,014513015747070312
1,126;0,00513458251953125;0,019151687622070312
1,128;0,08032989501953125;0,0077991485595703125
1,13;0,35706329345703125;0,0002307891845703125
1,132;0,22388458251953125;0,0077991485595703125
1,134;0,18616485595703125;0,0043811798095703125
1,136;0,06067657470703125;-0,0031871795654296875
1,138;0,06372833251953125;-0,013685226440429688
1,14;0,08216094970703125;-0,016492843627929688
1,142;0,01782989501953125;0,05174446105957031
1,144;-0,03514862060546875;0,0045032501220703125
1,146;-0,16454315185546875;-0,016126632690429688
1,148;-0,13158416748046875;0,008775711059570312
1,15;0,05725860595703125;-0,0074596405029296875
1,152;0,18958282470703125;-0,0011119842529296875
1,154;0,24817657470703125;0,015977859497070312
1,156;0,27881622314453125;-0,016859054565429688
1,158;0,21546173095703125;0,0073108673095703125
1,16;0,29090118408203125;-0,014417648315429688
1,162;0,14807891845703125;0,020616531372070312
1,164;0,12244415283203125;0,0001087188720703125
1,166;0,01624298095703125;0,008775711059570312
1,168;-0,02977752685546875;-0,008558273315429688
1,17;-0,19567108154296875;-0,011487960815429688
1,172;-0,20458221435546875;-0,0074596405029296875
1,174;-0,13439178466796875;0,008165359497070312
1,176;-0,08995819091796875;-0,0063610076904296875
1,178;-0,13256072998046875;-0,0011119842529296875
1,18;0,09741973876953125;0,0076770782470703125
1,182;0,20703887939453125;0,012804031372070312
1,184;0,04590606689453125;0,014390945434570312
1,186;0,00391387939453125;0,0031604766845703125
1,188;-0,00109100341796875;0,015489578247070312
1,19;-0,05614471435546875;0,008043289184570312
1,192;-0,14110565185546875;-0,029310226440429688
1,194;-0,20275115966796875;0,0035266876220703125
1,196;-0,29186248779296875;-0,0033092498779296875
1,198;-0,33287811279296875;-0,009901046752929688
1,2;-0,27635955810546875;-0,0063610076904296875
1,202;-0,10472869873046875;-0,013196945190429688
1,204;-0,07775115966796875;-0,0011119842529296875
1,206;-0,00084686279296875;0,0018177032470703125
1,208;0,04114532470703125;-0,010877609252929688
1,21;0,20435333251953125;0,010240554809570312
1,212;0,06641387939453125;0,015489578247070312
1,214;0,04322052001953125;-0,008314132690429688
1,216;-0,12755584716796875;-0,0030651092529296875
1,218;-0,03258514404296875;-0,010023117065429688
1,22;-0,07811737060546875;-0,0016002655029296875
1,222;-0,16539764404296875;0,0068225860595703125
1,224;-0,14488983154296875;-0,0017223358154296875
1,226;-0,10497283935546875;0,0036487579345703125
1,228;0,02661895751953125;-0,0022106170654296875
1,23;0,03101348876953125;-0,0057506561279296875
1,232;0,08960723876953125;-0,0006237030029296875
1,234;0,17371368408203125;0,0030384063720703125
1,236;0,31775665283203125;0,0036487579345703125
1,238;0,08972930908203125;0,009752273559570312
1,24;0,01856231689453125;0,015245437622070312
1,242;-0,06847381591796875;0,0020618438720703125
1,244;-0,02172088623046875;-0,0068492889404296875
1,246;-0,05565643310546875;0,0001087188720703125
1,248;-0,12377166748046875;0,0056018829345703125
1,25;-0,09484100341796875;0,025987625122070312
1,252;-0,09471893310546875;-0,04640007019042969
1,254;-0,10900115966796875;0,04490852355957031
1,256;-0,10363006591796875;-0,016981124877929688
1,258;-0,04357147216796875;-0,018934249877929688
1,26;0,18946075439453125;0,04185676574707031
1,262;0,16980743408203125;-0,024549484252929688
1,264;0,08325958251953125;0,014146804809570312
1,266;0,04004669189453125;-0,0053844451904296875
1,268;-0,12010955810546875;0,0034046173095703125
1,27;-0,05895233154296875;-0,0053844451904296875
1,272;-0,13817596435546875;-0,0037975311279296875
1,274;-0,12267303466796875;0,015245437622070312
1,276;-0,20775604248046875;-0,07166862487792969
1,278;-0,15483856201171875;-0,0001354217529296875
1,28;-0,07274627685546875;-0,0057506561279296875
1,282;0,05567169189453125;-0,012586593627929688
1,284;0,13977813720703125;-0,0014781951904296875
1,286;0,15381622314453125;-0,0018444061279296875
1,288;0,15357208251953125;0,008653640747070312
1,29;0,17737579345703125;0,009263992309570312
1,292;0,12085723876953125;-0,0003795623779296875
1,294;0,07324981689453125;-0,0019664764404296875
1,296;0,01074981689453125;0,010118484497070312
1,298;-0,16796112060546875;-0,0044078826904296875
1,3;-0,10863494873046875;-0,008680343627929688
1,302;0,02356719970703125;-0,0016002655029296875
1,304;0,11023712158203125;0,014146804809570312
1,306;0,05066680908203125;0,0031604766845703125
1,308;0,08972930908203125;0,0054798126220703125
1,31;0,31714630126953125;-0,0041637420654296875
1,312;0,27674102783203125;0,008165359497070312
1,314;0,21961212158203125;-0,0035533905029296875
1,316;0,16162872314453125;-0,0050182342529296875
1,318;0,07813262939453125;-0,0018444061279296875
1,32;0,11719512939453125;-0,0023326873779296875
1,322;-0,00609588623046875;0,0060901641845703125
1,324;-0,12792205810546875;0,008531570434570312
1,326;-0,15819549560546875;-0,0016002655029296875
1,328;-0,04882049560546875;-0,011732101440429688
1,33;-0,00963592529296875;0,011583328247070312
1,332;0,03516387939453125;-0,0056285858154296875
1,334;0,19055938720703125;0,0027942657470703125
1,336;0,13806915283203125;0,0014514923095703125
1,338;0,07959747314453125;-0,0061168670654296875
1,34;0,12635040283203125;0,0073108673095703125
1,342;0,02539825439453125;-0,0068492889404296875
1,344;-0,03954315185546875;0,0074329376220703125
1,346;-0,16210174560546875;0,0073108673095703125
1,348;-0,19420623779296875;-0,0031871795654296875
1,35;-0,19115447998046875;-0,012342453002929688
1,352;-0,07726287841796875;-0,0058727264404296875
1,354;-0,01915740966796875;0,0070667266845703125
1,356;-0,14440155029296875;-0,0045299530029296875
1,358;-0,07201385498046875;-0,021131515502929688
1,36;0,16211700439453125;0,021471023559570312
1,362;0,11084747314453125;0,0019397735595703125
1,364;0,06433868408203125;-0,0053844451904296875
1,366;-0,03746795654296875;-0,010877609252929688
1,368;-0,01964569091796875;0,0060901641845703125
1,37;-0,11766815185546875;-0,0016002655029296875
1,372;-0,16771697998046875;0,0071887969970703125
1,374;-0,18199920654296875;-0,009901046752929688
1,376;-0,17137908935546875;-0,0067272186279296875
1,378;-0,05126190185546875;-0,0075817108154296875
1,38;-0,08873748779296875;-0,0012340545654296875
1,382;0,00598907470703125;-0,0026988983154296875
1,384;0,07898712158203125;0,0046253204345703125
1,386;0,11670684814453125;-0,0062389373779296875
1,388;0,10828399658203125;0,0045032501220703125
1,39;0,01978302001953125;0,0076770782470703125
1,392;-0,06420135498046875;0,0062122344970703125
1,394;-0,09032440185546875;-0,0035533905029296875
1,396;-0,15245819091796875;-0,0030651092529296875
1,398;-0,18773651123046875;0,0038928985595703125
1,4;-0,14049530029296875;0,015489578247070312
1,402;-0,05284881591796875;-0,023939132690429688
1,404;-0,02294158935546875;-0,0039196014404296875
1,406;-0,04918670654296875;0,0016956329345703125
1,408;-0,07176971435546875;-0,013563156127929688
1,41;0,10803985595703125;0,013902664184570312
1,412;0,20532989501953125;-0,021863937377929688
1,414;0,04798126220703125;0,023302078247070312
1,416;-0,15428924560546875;-0,0008678436279296875
1,418;-0,06346893310546875;0,0042591094970703125
1,42;-0,08336639404296875;0,0070667266845703125
1,422;-0,10814666748046875;-0,028455734252929688
1,424;-0,07579803466796875;0,03526496887207031
1,426;-0,08373260498046875;-0,029310226440429688
1,428;-0,14037322998046875;-0,011610031127929688
1,43;0,01868438720703125;0,010118484497070312
1,432;0,21521759033203125;-0,009290695190429688
1,434;0,13513946533203125;-0,0007457733154296875
1,436;0,05847930908203125;0,0009632110595703125
1,438;0,08106231689453125;0,0076770782470703125
1,44;0,04981231689453125;0,013292312622070312
1,442;0,04224395751953125;-0,010145187377929688
1,444;-0,00670623779296875;0,0074329376220703125
1,446;-0,10729217529296875;-0,0033092498779296875
1,448;-0,12645721435546875;0,0019397735595703125
1,45;-0,08837127685546875;-0,0051403045654296875
1,452;-0,00096893310546875;-0,0012340545654296875
1,454;0,04029083251953125;-0,0028209686279296875
1,456;0,10498809814453125;-0,0067272186279296875
1,458;0,22290802001953125;0,0073108673095703125
1,46;0,05261993408203125;0,0025501251220703125
1,462;0,16309356689453125;-0,0057506561279296875
1,464;0,10791778564453125;0,0038928985595703125
1,466;0,13465118408203125;-0,0057506561279296875
1,468;0,02967071533203125;-0,0061168670654296875
1,47;-0,09300994873046875;0,008043289184570312
1,472;-0,08702850341796875;0,0019397735595703125
1,474;-0,01244354248046875;0,0041370391845703125
1,476;-0,04308319091796875;0,0057239532470703125
1,478;-0,03734588623046875;0,0016956329345703125
1,48;0,09070587158203125;0,0053577423095703125
1,482;0,21704864501953125;-0,0056285858154296875
1,484;0,09253692626953125;-0,0029430389404296875
1,486;0,13477325439453125;-0,0018444061279296875
1,488;0,12574005126953125;0,0030384063720703125
1,49;0,13440704345703125;-0,0059947967529296875
1,492;-0,00939178466796875;0,0068225860595703125
1,494;-0,07189178466796875;0,0032825469970703125
1,496;-0,12181854248046875;0,0009632110595703125
1,498;-0,08458709716796875;-0,0039196014404296875
1,5;-0,02562713623046875;0,0068225860595703125
1,502;0,04041290283203125;0,0075550079345703125
1,504;0,13928985595703125;-0,012708663940429688
1,506;0,17920684814453125;0,0062122344970703125
1,508;0,09302520751953125;-0,007825851440429688
1,51;0,12622833251953125;0,0018177032470703125
1,512;0,08435821533203125;0,0008411407470703125
1,514;0,14038848876953125;-0,011243820190429688
1,516;0,00086212158203125;-0,021741867065429688
1,518;-0,22020721435546875;0,011705398559570312
1,52;-0,11937713623046875;-0,022230148315429688
1,522;-0,03929901123046875;0,022813796997070312
1,524;-0,05321502685546875;-0,0045299530029296875
1,526;-0,06383514404296875;-0,011976242065429688
1,528;0,02832794189453125;0,0008411407470703125
1,53;0,16980743408203125;0,0049915313720703125
1,532;0,04163360595703125;0,013414382934570312
1,534;-0,01390838623046875;0,0049915313720703125
1,536;0,00354766845703125;-0,0033092498779296875
1,538;0,00342559814453125;-0,0063610076904296875
1,54;-0,10094451904296875;-0,0046520233154296875
1,542;-0,21923065185546875;-0,0028209686279296875
1,544;-0,13402557373046875;0,008531570434570312
1,546;-0,09679412841796875;-0,0012340545654296875
1,548;-0,20848846435546875;0,0046253204345703125
1,55;-0,16979217529296875;0,008775711059570312
1,552;0,04505157470703125;-0,0025768280029296875
1,554;0,05701446533203125;-0,009656906127929688
1,556;0,00794219970703125;0,0015735626220703125
1,558;-0,01830291748046875;-0,0023326873779296875
1,56;-0,14037322998046875;-0,0075817108154296875
1,562;-0,02648162841796875;0,008409500122070312
1,564;-0,10619354248046875;0,013414382934570312
1,566;-0,13231658935546875;-0,0061168670654296875
1,568;-0,15233612060546875;-0,0029430389404296875
1,57;-0,07128143310546875;-0,0008678436279296875
1,572;-0,06298065185546875;0,0064563751220703125
1,574;-0,03148651123046875;-0,0077037811279296875
1,576;0,06153106689453125;-0,012098312377929688
1,578;0,14185333251953125;-0,0047740936279296875
1,58;0,05371856689453125;0,0030384063720703125
1,582;0,04163360595703125;0,013902664184570312
1,584;0,02515411376953125;0,0074329376220703125
1,586;0,04065704345703125;-0,0041637420654296875
1,588;-0,02404022216796875;0,0012073516845703125
1,59;-0,05870819091796875;-0,0044078826904296875
1,592;-0,05931854248046875;0,015977859497070312
1,594;-0,00206756591796875;0,008409500122070312
1,596;-0,05138397216796875;-0,0002574920654296875
1,598;-0,00011444091796875;-0,0058727264404296875
1,6;0,14514923095703125;0,008653640747070312
1,602;0,11927032470703125;-0,0001354217529296875
1,604;0,05139923095703125;-0,0020885467529296875
1,606;0,02796173095703125;0,007921218872070312
1,608;0,10608673095703125;-0,0012340545654296875
1,61;-0,03612518310546875;-0,0007457733154296875
1,612;-0,10094451904296875;0,0037708282470703125
1,614;-0,06615447998046875;0,0074329376220703125
1,616;-0,04308319091796875;-0,0047740936279296875
1,618;-0,10167694091796875;-0,0016002655029296875
1,62;-0,08470916748046875;0,0048694610595703125
1,622;0,08411407470703125;-0,0003795623779296875
1,624;0,12866973876953125;-0,013196945190429688
1,626;0,04102325439453125;0,03819465637207031
1,628;0,02588653564453125;0,0038928985595703125
1,63;-0,00182342529296875;-0,030042648315429688
1,632;0,11804962158203125;0,04332160949707031
1,634;-0,04357147216796875;-0,022352218627929688
1,636;-0,08104705810546875;-0,021131515502929688
1,638;-0,12816619873046875;0,024766921997070312
1,64;-0,07714080810546875;-0,03346061706542969
1,642;0,01648712158203125;0,0030384063720703125
1,644;0,00452423095703125;0,020250320434570312
1,646;0,07447052001953125;-0,0057506561279296875
1,648;0,12500762939453125;-0,007825851440429688
1,65;0,14148712158203125;-0,009534835815429688
1,652;0,13379669189453125;0,0041370391845703125
1,654;0,13636016845703125;-0,0033092498779296875
1,656;0,16443634033203125;-0,0062389373779296875
1,658;0,07935333251953125;-0,0057506561279296875
1,66;-0,09349822998046875;-0,0063610076904296875
1,662;-0,02269744873046875;0,0029163360595703125
1,664;0,06702423095703125;-0,0020885467529296875
1,666;0,06482696533203125;0,0046253204345703125
1,668;-0,02843475341796875;0,014024734497070312
1,67;0,15381622314453125;-0,0035533905029296875
1,672;0,22595977783203125;-0,0059947967529296875
1,674;0,15845489501953125;0,009996414184570312
1,676;0,00330352783203125;0,008287429809570312
1,678;0,07642364501953125;-0,0012340545654296875
1,68;0,13623809814453125;0,0038928985595703125
1,682;-0,05480194091796875;-0,0001354217529296875
1,684;-0,11705780029296875;0,0068225860595703125
1,686;-0,05834197998046875;-0,0006237030029296875
1,688;0,00489044189453125;-0,0005016326904296875
1,69;-0,11827850341796875;0,0057239532470703125
1,692;-0,11559295654296875;-0,0014781951904296875
1,694;0,13526153564453125;-0,011121749877929688
1,696;0,00110626220703125;0,0062122344970703125
1,698;-0,02941131591796875;-0,0052623748779296875
1,7;-0,04772186279296875;0,0029163360595703125
1,702;-0,02123260498046875;0,0008411407470703125
1,704;-0,06237030029296875;-0,0050182342529296875
1,706;-0,18358612060546875;-0,0040416717529296875
1,708;-0,18065643310546875;0,014146804809570312
1,71;-0,15917205810546875;-0,0045299530029296875
1,712;-0,18749237060546875;-0,0009899139404296875
1,714;-0,06114959716796875;-0,0040416717529296875
1,716;0,02527618408203125;-0,0013561248779296875
1,718;-0,01366424560546875;-0,010633468627929688
1,72;0,01050567626953125;0,0016956329345703125
1,722;0,02429962158203125;-0,0012340545654296875
1,724;-0,07640838623046875;0,029771804809570312
1,726;0,03357696533203125;-0,018201828002929688
1,728;-0,08739471435546875;0,0003528594970703125
1,73;-0,11925506591796875;-0,010023117065429688
1,732;-0,07274627685546875;0,0065784454345703125
1,734;-0,00634002685546875;0,017808914184570312
1,736;-0,10826873779296875;-0,008436203002929688
1,738;-0,04369354248046875;0,0077991485595703125
1,74;0,06531524658203125;-0,023450851440429688
1,742;0,11829376220703125;-0,0034313201904296875
1,744;0,06128692626953125;0,0041370391845703125
1,746;0,00501251220703125;-0,0055065155029296875
1,748;0,09278106689453125;0,016466140747070312
1,75;-0,02831268310546875;-0,0026988983154296875
1,752;-0,08898162841796875;-0,0051403045654296875
1,754;0,00049591064453125;-0,0001354217529296875
1,756;0,05261993408203125;0,0071887969970703125
1,758;-0,11461639404296875;-0,0023326873779296875
1,76;-0,11608123779296875;0,008653640747070312
1,762;0,01917266845703125;0,0007190704345703125
1,764;0,10449981689453125;-0,011976242065429688
1,766;0,11048126220703125;0,0069446563720703125
1,768;0,02735137939453125;0,0016956329345703125
1,77;-0,05590057373046875;0,013414382934570312
1,772;-0,01061248779296875;-0,0058727264404296875
1,774;-0,09069061279296875;0,0040149688720703125
1,776;-0,11339569091796875;-0,017591476440429688
1,778;-0,06102752685546875;0,019884109497070312
1,78;-0,01268768310546875;0,0032825469970703125
1,782;-0,17675018310546875;0,008775711059570312
1,784;-0,02001190185546875;0,0032825469970703125
1,786;0,09131622314453125;-0,008680343627929688
1,788;0,04529571533203125;0,0004749298095703125
1,79;-0,00780487060546875;-0,0036754608154296875
1,792;-0,03038787841796875;-0,0030651092529296875
1,794;0,13123321533203125;0,011827468872070312
1,796;0,01233673095703125;0,0035266876220703125
1,798;-0,12145233154296875;-0,0009899139404296875
1,8;-0,07445526123046875;0,0075550079345703125
1,802;0,05835723876953125;0,0024280548095703125
1,804;0,05017852783203125;0,0051136016845703125
1,806;0,01392364501953125;-0,0045299530029296875
1,808;0,12512969970703125;-0,011976242065429688
1,81;0,03211212158203125;-0,0063610076904296875
1,812;0,13355255126953125;-0,0036754608154296875
1,814;0,16321563720703125;0,009874343872070312
1,816;0,15857696533203125;0,0009632110595703125
1,818;0,09387969970703125;0,0068225860595703125
1,82;-0,02855682373046875;0,0063343048095703125
1,822;-0,04027557373046875;0,0065784454345703125
1,824;0,07569122314453125;0,0026721954345703125
1,826;0,04883575439453125;-0,0045299530029296875
1,828;-0,00878143310546875;0,008165359497070312
1,83;0,05957794189453125;-0,009168624877929688
1,832;0,09192657470703125;-0,0008678436279296875
1,834;0,14429473876953125;0,0073108673095703125
1,836;0,06653594970703125;-0,0036754608154296875
1,838;0,10584259033203125;0,0056018829345703125
1,84;0,10730743408203125;-1,33514404296875e-05
1,842;-0,00878143310546875;0,0032825469970703125
1,844;-0,10314178466796875;0,0060901641845703125
1,846;-0,03588104248046875;-0,014783859252929688
1,848;0,03223419189453125;0,0013294219970703125
1,85;-0,13658905029296875;0,0029163360595703125
1,852;-0,11974334716796875;-0,0061168670654296875
1,854;0,10669708251953125;0,016588211059570312
1,856;0,02490997314453125;-0,0035533905029296875
1,858;-0,02135467529296875;-0,0041637420654296875
1,86;-0,01476287841796875;-0,0034313201904296875
1,862;0,05847930908203125;0,0041370391845703125
1,864;0,02173614501953125;-0,0061168670654296875
1,866;-0,12157440185546875;0,0029163360595703125
1,868;-0,16649627685546875;0,0069446563720703125
1,87;-0,04784393310546875;-0,012586593627929688
1,872;-0,00780487060546875;-0,0007457733154296875
1,874;-0,11229705810546875;0,0068225860595703125
1,876;-0,00292205810546875;-0,014539718627929688
1,878;0,03723907470703125;0,0027942657470703125
1,88;0,06494903564453125;0,0046253204345703125
1,882;-0,03502655029296875;0,0062122344970703125
1,884;-0,02953338623046875;-0,011854171752929688
1,886;0,11597442626953125;0,0075550079345703125
1,888;-0,01354217529296875;-0,0036754608154296875
1,89;-0,13768768310546875;0,03599739074707031
1,892;-0,02233123779296875;-0,025648117065429688
1,894;-0,02269744873046875;0,022325515747070312
1,896;-0,05406951904296875;-0,012342453002929688
1,898;-0,01805877685546875;-0,0052623748779296875
1,9;0,04798126220703125;-0,0031871795654296875
1,902;0,04309844970703125;0,0020618438720703125
1,904;0,00598907470703125;0,0003528594970703125
1,906;-0,03478240966796875;-0,010023117065429688
1,908;0,04749298095703125;0,0038928985595703125
1,91;0,00684356689453125;0,0034046173095703125
1,912;-0,07250213623046875;-0,0008678436279296875
1,914;-0,04979705810546875;-0,0006237030029296875
1,916;-0,03270721435546875;0,0045032501220703125
1,918;-0,08629608154296875;0,0035266876220703125
1,92;-0,08336639404296875;0,0016956329345703125
1,922;0,01831817626953125;-0,011610031127929688
1,924;0,06983184814453125;-0,0024547576904296875
1,926;0,00305938720703125;-0,0045299530029296875
1,928;-0,03807830810546875;-0,0052623748779296875
1,93;-0,07384490966796875;-0,0047740936279296875
1,932;-0,00450897216796875;-0,012464523315429688
1,934;-0,02587127685546875;0,021471023559570312
1,936;0,00147247314453125;0,0027942657470703125
1,938;-0,09984588623046875;-0,0012340545654296875
1,94;-0,11815643310546875;0,018053054809570312
1,942;-0,13439178466796875;-0,013441085815429688
1,944;0,01453399658203125;-0,0019664764404296875
1,946;0,02625274658203125;0,0069446563720703125
1,948;0,04114532470703125;0,0004749298095703125
1,95;-0,04113006591796875;0,0034046173095703125
1,952;0,05445098876953125;-0,0067272186279296875
1,954;0,04029083251953125;0,0036487579345703125
1,956;0,00147247314453125;0,0048694610595703125
1,958;0,01917266845703125;-0,0058727264404296875
1,96;-0,03087615966796875;0,0026721954345703125
1,962;-0,01891326904296875;0,0031604766845703125
1,964;0,04273223876953125;0,0069446563720703125
1,966;0,08972930908203125;-0,0073375701904296875
1,968;0,05396270751953125;0,0020618438720703125
1,97;0,09949493408203125;0,0038928985595703125
1,972;0,03553009033203125;0,0007190704345703125
1,974;0,07556915283203125;0,0005970001220703125
1,976;0,16834259033203125;-0,0056285858154296875
1,978;-0,00926971435546875;0,0071887969970703125
1,98;-0,03002166748046875;-0,0055065155029296875
1,982;0,00867462158203125;-0,0037975311279296875
1,984;0,00830841064453125;0,014879226684570312
1,986;0,00293731689453125;-0,0048961639404296875
1,988;0,05323028564453125;-0,010145187377929688
1,99;-0,03014373779296875;-0,0042858123779296875
1,992;-0,00206756591796875;0,029893875122070312
1,994;0,05640411376953125;-0,04383659362792969
1,996;0,12854766845703125;0,012315750122070312
1,998;0,09314727783203125;0,023180007934570312
2,0;-0,05809783935546875;-0,022230148315429688
2,002;-0,08849334716796875;0,03917121887207031
2,004;-0,02989959716796875;-0,029066085815429688
2,006;0,06678009033203125;-0,009534835815429688
2,008;-0,02379608154296875;0,0070667266845703125
2,01;-0,00231170654296875;0,0064563751220703125
2,012;0,03052520751953125;0,008165359497070312
2,014;0,05689239501953125;0,0070667266845703125
2,016;0,07190704345703125;-0,0073375701904296875
2,018;0,03186798095703125;-0,014051437377929688
2,02;0,08643341064453125;0,014024734497070312
2,022;0,01953887939453125;0,011583328247070312
2,024;-0,07311248779296875;0,014513015747070312
2,026;0,04322052001953125;0,0029163360595703125
2,028;-0,03478240966796875;-0,0001354217529296875
2,03;-0,15331268310546875;-0,0040416717529296875
2,032;-0,02770233154296875;0,0021839141845703125
2,034;0,04114532470703125;0,0062122344970703125
2,036;0,10950469970703125;0,008897781372070312
2,038;0,09741973876953125;-0,019910812377929688
2,04;0,00830841064453125;0,0076770782470703125
2,042;0,02600860595703125;-0,012952804565429688
2,044;0,03845977783203125;0,009019851684570312
2,046;-0,01366424560546875;0,0013294219970703125
2,048;0,05091094970703125;-0,0006237030029296875
2,05;-0,03417205810546875;-0,0068492889404296875
2,052;-0,09105682373046875;0,009141921997070312
2,054;-0,10301971435546875;-0,018079757690429688
2,056;0,04480743408203125;0,017320632934570312
2,058;0,06568145751953125;-0,023694992065429688
2,06;0,02393341064453125;0,0062122344970703125
2,062;-0,10326385498046875;-0,008192062377929688
2,064;0,01917266845703125;0,0070667266845703125
2,066;0,03931427001953125;0,0035266876220703125
2,068;-0,04540252685546875;0,0023059844970703125
2,07;-0,05846405029296875;-0,0050182342529296875
2,072;-0,08019256591796875;-0,0019664764404296875
2,074;-0,10948944091796875;0,0067005157470703125
2,076;-0,05492401123046875;-0,0045299530029296875
2,078;0,01123809814453125;0,0007190704345703125
2,08;-0,04491424560546875;-0,0013561248779296875
2,082;-0,00621795654296875;-0,0022106170654296875
2,084;-0,07811737060546875;0,0049915313720703125
2,086;-0,02050018310546875;-0,0051403045654296875
2,088;0,04273223876953125;-0,0009899139404296875
2,09;-0,02501678466796875;0,009386062622070312
2,092;-0,07372283935546875;0,0064563751220703125
2,094;-0,04467010498046875;-0,0023326873779296875
2,096;0,00342559814453125;-0,0020885467529296875
2,098;-0,04125213623046875;-0,0024547576904296875
2,1;-0,08214569091796875;-0,0024547576904296875
2,102;-0,11730194091796875;0,0032825469970703125
2,104;0,08826446533203125;-0,0035533905029296875
2,106;0,04065704345703125;0,0009632110595703125
2,108;0,00757598876953125;-0,0006237030029296875
2,11;-0,03185272216796875;0,0069446563720703125
2,112;-0,00206756591796875;0,0025501251220703125
2,114;0,03272247314453125;0,0030384063720703125
2,116;0,00550079345703125;-0,0007457733154296875
2,118;-0,03392791748046875;-0,0053844451904296875
2,12;-0,08812713623046875;0,0008411407470703125
2,122;0,02686309814453125;-0,0053844451904296875
2,124;-0,00926971435546875;0,008653640747070312
2,126;0,01734161376953125;-1,33514404296875e-05
2,128;0,02246856689453125;0,0046253204345703125
2,13;0,11328887939453125;-0,0042858123779296875
2,132;-0,00585174560546875;0,0041370391845703125
2,134;-0,07128143310546875;0,010240554809570312
2,136;-0,03710174560546875;0,007921218872070312
2,138;0,06446075439453125;-0,0059947967529296875
2,14;-0,04674530029296875;-0,0055065155029296875
2,142;-0,11815643310546875;0,0019397735595703125
2,144;-0,01097869873046875;0,0009632110595703125
2,146;0,12146759033203125;-0,0048961639404296875
2,148;0,00745391845703125;0,0049915313720703125
2,15;-0,07372283935546875;0,010606765747070312
2,152;0,02759552001953125;0,04771614074707031
2,154;0,09766387939453125;-0,04395866394042969
2,156;0,02954864501953125;0,06285285949707031
2,158;-0,00572967529296875;-0,04359245300292969
2,16;0,06189727783203125;0,026475906372070312
2,162;0,01428985595703125;-0,0047740936279296875
2,164;-0,07189178466796875;-0,013929367065429688
2,166;0,03382110595703125;-0,0002574920654296875
2,168;0,06885528564453125;-0,010389328002929688
2,17;0,10608673095703125;0,016099929809570312
2,172;-0,00609588623046875;-0,0048961639404296875
2,174;0,12598419189453125;0,0067005157470703125
2,176;0,08155059814453125;0,0068225860595703125
2,178;0,00720977783203125;-0,0039196014404296875
2,18;-0,00243377685546875;0,0064563751220703125
2,182;0,03577423095703125;-0,0064830780029296875
2,184;0,00366973876953125;0,0077991485595703125
2,186;0,04163360595703125;0,0046253204345703125
2,188;0,11255645751953125;0,0073108673095703125
2,19;-0,00084686279296875;-0,0001354217529296875
2,192;0,03137969970703125;-0,010633468627929688
2,194;-0,01573944091796875;0,010728836059570312
2,196;0,14234161376953125;0,008165359497070312
2,198;0,11316680908203125;-0,0002574920654296875
2,2;-0,01305389404296875;-0,0018444061279296875
2,202;-0,08129119873046875;0,014635086059570312
2,204;0,00366973876953125;-0,0012340545654296875
2,206;-0,03136444091796875;-0,0001354217529296875
2,208;-0,02526092529296875;-0,0064830780029296875
2,21;-0,04540252685546875;-0,0063610076904296875
2,212;-0,03942108154296875;-0,0017223358154296875
2,214;-0,01097869873046875;0,0060901641845703125
2,216;-0,01696014404296875;-0,0020885467529296875
2,218;0,04395294189453125;-0,0046520233154296875
2,22;-0,02123260498046875;0,0063343048095703125
2,222;-0,04027557373046875;0,0058460235595703125
2,224;-0,01757049560546875;-0,0018444061279296875
2,226;0,02173614501953125;0,0035266876220703125
2,228;-0,03319549560546875;0,0023059844970703125
2,23;-0,11388397216796875;0,0004749298095703125
2,232;-0,12291717529296875;0,0046253204345703125
2,234;-0,00634002685546875;-0,020277023315429688
2,236;0,01636505126953125;0,0041370391845703125
2,238;0,06238555908203125;-0,008436203002929688
2,24;0,00806427001953125;0,0007190704345703125
2,242;-0,03124237060546875;0,0069446563720703125
2,244;0,01868438720703125;-0,0035533905029296875
2,246;-0,00084686279296875;0,0024280548095703125
2,248;0,02210235595703125;-0,0029430389404296875
2,25;-0,05052947998046875;0,022325515747070312
2,252;-0,09081268310546875;0,0007190704345703125
2,254;-0,07482147216796875;-0,0016002655029296875
2,256;0,00952911376953125;-0,013807296752929688
2,258;0,00647735595703125;-0,0005016326904296875
2,26;0,01599884033203125;0,0059680938720703125
2,262;0,00928497314453125;0,014879226684570312
2,264;0,01917266845703125;0,0046253204345703125
2,266;-0,03612518310546875;-0,0048961639404296875
2,268;0,08313751220703125;0,0057239532470703125
2,27;-0,01720428466796875;-0,009534835815429688
2,272;-0,08849334716796875;0,008653640747070312
2,274;-0,13085174560546875;0,008043289184570312
2,276;-0,02696990966796875;-0,0016002655029296875
2,278;-0,00231170654296875;0,0008411407470703125
2,28;0,00464630126953125;0,0005970001220703125
2,282;-0,10021209716796875;0,0023059844970703125
2,284;-0,02782440185546875;-0,011610031127929688
2,286;0,01538848876953125;0,0041370391845703125
2,288;0,01990509033203125;0,0073108673095703125
2,29;-0,03514862060546875;0,0076770782470703125
2,292;-0,01976776123046875;-0,0061168670654296875
2,294;-0,09276580810546875;0,0013294219970703125
2,296;-0,03685760498046875;-0,0064830780029296875
2,298;0,00940704345703125;0,0007190704345703125
2,3;-0,12218475341796875;-0,0057506561279296875
2,302;0,02527618408203125;-0,0057506561279296875
2,304;-0,07054901123046875;0,0009632110595703125
2,306;0,03235626220703125;0,0026721954345703125
2,308;0,04187774658203125;0,0016956329345703125
2,31;0,01612091064453125;0,016222000122070312
2,312;-0,04906463623046875;-0,03285026550292969
2,314;-0,02001190185546875;0,03734016418457031
2,316;-0,05309295654296875;-0,030286788940429688
2,318;0,00330352783203125;0,007921218872070312
2,32;-0,00402069091796875;0,0024280548095703125
2,322;-0,02501678466796875;-0,011976242065429688
2,324;0,04456329345703125;0,013536453247070312
2,326;0,04737091064453125;-0,0037975311279296875
2,328;0,23291778564453125;0,0076770782470703125
2,33;0,04846954345703125;0,0058460235595703125
2,332;0,04615020751953125;0,0075550079345703125
2,334;0,07154083251953125;-0,0033092498779296875
2,336;0,01270294189453125;0,0001087188720703125
2,338;0,04346466064453125;-0,0008678436279296875
2,34;0,05396270751953125;0,0008411407470703125
2,342;0,02527618408203125;-0,0009899139404296875
2,344;-0,00682830810546875;-0,0024547576904296875
2,346;0,04151153564453125;0,013292312622070312
2,348;0,06482696533203125;-0,012220382690429688
2,35;0,16199493408203125;0,0026721954345703125
2,352;0,03040313720703125;0,015855789184570312
2,354;-0,02257537841796875;0,0058460235595703125
2,356;0,02845001220703125;0,008287429809570312
2,358;0,09607696533203125;-0,0009899139404296875
2,36;-0,05016326904296875;-0,0057506561279296875
2,362;-0,06517791748046875;0,0046253204345703125
2,364;-0,03063201904296875;-0,0013561248779296875
2,366;0,04419708251953125;-0,014539718627929688
2,368;-0,00255584716796875;0,011705398559570312
2,37;0,00366973876953125;-0,0051403045654296875
2,372;0,09705352783203125;-0,0047740936279296875
2,374;0,03199005126953125;0,0030384063720703125
2,376;-0,02428436279296875;-0,0013561248779296875
2,378;-0,02294158935546875;-0,0022106170654296875
2,38;0,06140899658203125;0,0040149688720703125
2,382;-0,12023162841796875;-0,0058727264404296875
2,384;-0,09716033935546875;0,0073108673095703125
2,386;-0,03343963623046875;0,0046253204345703125
2,388;0,03723907470703125;-0,015760421752929688
2,39;0,02344512939453125;0,009508132934570312
2,392;0,08032989501953125;-0,0009899139404296875
2,394;-0,03868865966796875;0,0031604766845703125
2,396;-0,03649139404296875;0,0016956329345703125
2,398;0,04199981689453125;0,011583328247070312
2,4;0,09741973876953125;-0,013074874877929688
2,402;-0,11217498779296875;-0,0025768280029296875
2,404;-0,15294647216796875;0,011461257934570312
2,406;0,04615020751953125;-0,018812179565429688
2,408;0,05152130126953125;-0,0063610076904296875
2,41;-0,00011444091796875;-0,0020885467529296875
2,412;-0,03209686279296875;-0,014173507690429688
2,414;0,00745391845703125;0,0030384063720703125
2,416;0,06507110595703125;0,0005970001220703125
2,418;-0,00487518310546875;0,010362625122070312
2,42;0,01367950439453125;-0,0067272186279296875
2,422;0,03211212158203125;0,0077991485595703125
2,424;-0,06737518310546875;-0,0041637420654296875
2,426;-0,09764862060546875;-0,0006237030029296875
2,428;-0,12523651123046875;0,0026721954345703125
2,43;-0,08190155029296875;-0,0047740936279296875
2,432;0,06385040283203125;-0,0006237030029296875
2,434;-0,07238006591796875;-0,0059947967529296875
2,436;-0,00829315185546875;-0,0051403045654296875
2,438;-0,00218963623046875;-1,33514404296875e-05
2,44;-0,04833221435546875;0,008653640747070312
2,442;0,00415802001953125;-0,0063610076904296875
2,444;-0,07714080810546875;0,0030384063720703125
2,446;-0,10411834716796875;-0,014051437377929688
2,448;0,00098419189453125;-0,0005016326904296875
2,45;0,01074981689453125;0,008287429809570312
2,452;-0,16234588623046875;-0,009412765502929688
2,454;-0,06969451904296875;0,0053577423095703125
2,456;-0,06725311279296875;-0,0029430389404296875
2,458;0,15296173095703125;-0,0048961639404296875
2,46;0,04773712158203125;0,010728836059570312
2,462;0,01636505126953125;0,0037708282470703125
2,464;-0,00792694091796875;-0,0003795623779296875
2,466;0,00342559814453125;-0,0053844451904296875
2,468;-0,14476776123046875;0,008043289184570312
2,47;-0,02050018310546875;-0,011732101440429688
2,472;-0,01720428466796875;0,0005970001220703125
2,474;-0,01476287841796875;-0,0044078826904296875
2,476;-0,06676483154296875;0,014268875122070312
2,478;-0,01366424560546875;-0,0025768280029296875
2,48;0,13904571533203125;0,0053577423095703125
2,482;0,04529571533203125;-0,0061168670654296875
2,484;0,02198028564453125;0,0053577423095703125
2,486;0,06482696533203125;-0,0031871795654296875
2,488;0,07898712158203125;0,0001087188720703125
2,49;0,05261993408203125;-0,0064830780029296875
2,492;0,03064727783203125;-0,0006237030029296875
2,494;-0,07958221435546875;-0,0014781951904296875
2,496;-0,00829315185546875;-0,012342453002929688
2,498;0,08191680908203125;-0,0050182342529296875
2,5;0,08643341064453125;-0,013441085815429688
2,502;0,09265899658203125;0,0053577423095703125
2,504;0,07056427001953125;0,022935867309570312
2,506;0,05652618408203125;0,0073108673095703125
2,508;0,01526641845703125;0,008043289184570312
2,51;-0,00524139404296875;-0,0031871795654296875
2,512;-0,07225799560546875;-0,0028209686279296875
2,514;0,01624298095703125;-0,012098312377929688
2,516;-0,07384490966796875;0,0005970001220703125
2,518;-0,08238983154296875;0,0004749298095703125
2,52;-0,01122283935546875;0,014146804809570312
2,522;0,14356231689453125;0,023424148559570312
2,524;0,06311798095703125;-0,09400749206542969
2,526;-0,00853729248046875;0,06749153137207031
2,528;0,05542755126953125;-0,04237174987792969
2,53;0,10535430908203125;0,0029163360595703125
2,532;-0,01000213623046875;0,0060901641845703125
2,534;-0,10375213623046875;-0,021253585815429688
2,536;-0,05797576904296875;0,0010852813720703125
2,538;0,05213165283203125;-0,0024547576904296875
2,54;0,07849884033203125;-0,0044078826904296875
2,542;-0,08922576904296875;0,0046253204345703125
2,544;0,09693145751953125;0,0029163360595703125
2,546;0,07727813720703125;0,008287429809570312
2,548;0,04969024658203125;0,0057239532470703125
2,55;0,01184844970703125;0,0042591094970703125
2,552;0,01233673095703125;0,009874343872070312
2,554;-0,07128143310546875;-0,0058727264404296875
2,556;-0,06053924560546875;-0,029676437377929688
2,558;0,01660919189453125;0,009874343872070312
2,56;0,03162384033203125;-0,011976242065429688
2,562;0,00379180908203125;0,0020618438720703125
2,564;-0,03038787841796875;-0,0019664764404296875
2,566;0,05371856689453125;-0,0047740936279296875
2,568;0,10559844970703125;0,012804031372070312
2,57;0,03614044189453125;-0,0034313201904296875
2,572;0,01685333251953125;0,0035266876220703125
2,574;-0,02660369873046875;0,0015735626220703125
2,576;-0,04039764404296875;-0,0066051483154296875
2,578;-0,02098846435546875;-0,0005016326904296875
2,58;-0,10118865966796875;0,0051136016845703125
2,582;-0,05992889404296875;0,0013294219970703125
2,584;0,00635528564453125;0,0043811798095703125
2,586;-0,02941131591796875;-0,0020885467529296875
2,588;-0,00865936279296875;-0,0041637420654296875
2,59;0,05274200439453125;0,015489578247070312
2,592;0,02222442626953125;0,007921218872070312
2,594;-0,09740447998046875;-0,0001354217529296875
2,596;-0,13561248779296875;0,0048694610595703125
2,598;-0,00182342529296875;-0,013929367065429688
2,6;-0,02281951904296875;-0,013074874877929688
2,602;-0,16576385498046875;0,0063343048095703125
2,604;-0,07872772216796875;0,0052356719970703125
2,606;-0,06102752685546875;-0,009778976440429688
2,608;0,07666778564453125;-0,010267257690429688
2,61;0,00623321533203125;0,012193679809570312
2,612;0,04212188720703125;0,013292312622070312
2,614;0,03760528564453125;-0,0057506561279296875
2,616;-0,03050994873046875;-0,0024547576904296875
2,618;-0,13256072998046875;-0,0036754608154296875
2,62;-0,01036834716796875;-0,0023326873779296875
2,622;-0,04308319091796875;-0,0040416717529296875
2,624;-0,03856658935546875;-0,0061168670654296875
2,626;-0,07445526123046875;0,0009632110595703125
2,628;0,03809356689453125;0,0060901641845703125
2,63;0,10315704345703125;0,0005970001220703125
2,632;0,04041290283203125;0,0046253204345703125
2,634;0,02063751220703125;-0,0063610076904296875
2,636;0,02881622314453125;-0,0064830780029296875
2,638;0,02295684814453125;0,0041370391845703125
2,64;0,02771759033203125;-0,010755538940429688
2,642;-0,03075408935546875;-0,0016002655029296875
2,644;-0,13732147216796875;-0,0048961639404296875
2,646;-0,07360076904296875;-0,014295578002929688
2,648;0,00012969970703125;-0,0063610076904296875
2,65;0,00269317626953125;0,008775711059570312
2,652;0,12818145751953125;-1,33514404296875e-05
2,654;0,00879669189453125;0,0016956329345703125
2,656;0,00757598876953125;0,011461257934570312
2,658;0,07752227783203125;-0,0002574920654296875
2,66;0,01868438720703125;-0,0041637420654296875
2,662;-0,09300994873046875;-0,0064830780029296875
2,664;0,00794219970703125;-0,0017223358154296875
2,666;-0,07128143310546875;-0,009778976440429688
2,668;-0,06908416748046875;-0,0022106170654296875
2,67;0,02832794189453125;-0,0024547576904296875
2,672;0,07642364501953125;0,0075550079345703125
2,674;0,04737091064453125;0,030382156372070312
2,676;0,06482696533203125;-0,011854171752929688
2,678;0,07520294189453125;-0,0011119842529296875
2,68;0,06348419189453125;0,020616531372070312
2,682;-0,02172088623046875;-0,012098312377929688
2,684;-0,05797576904296875;0,0076770782470703125
2,686;-0,10558319091796875;-0,020765304565429688
2,688;0,03052520751953125;-0,0063610076904296875
2,69;0,07788848876953125;0,0018177032470703125
2,692;0,00330352783203125;0,0058460235595703125
2,694;0,15796661376953125;0,0053577423095703125
2,696;0,07117462158203125;0,0029163360595703125
2,698;-0,06175994873046875;0,008043289184570312
2,7;0,04944610595703125;-0,0012340545654296875
2,702;0,16297149658203125;0,0026721954345703125
2,704;-0,07579803466796875;0,0034046173095703125
2,706;-0,01903533935546875;-0,011610031127929688
2,708;-0,01488494873046875;-0,0018444061279296875
2,71;-0,00072479248046875;-0,014539718627929688
2,712;-0,03929901123046875;0,013292312622070312
2,714;0,08203887939453125;-0,0013561248779296875
2,716;0,04273223876953125;0,0037708282470703125
2,718;0,05347442626953125;-0,0030651092529296875
2,72;0,09278106689453125;0,018419265747070312
2,722;0,11084747314453125;0,0041370391845703125
2,724;-0,09227752685546875;0,0040149688720703125
2,726;-0,12926483154296875;0,0018177032470703125
2,728;0,01758575439453125;-0,011854171752929688
2,73;0,03247833251953125;-0,014295578002929688
2,732;-0,09569549560546875;-0,0009899139404296875
2,734;-0,09716033935546875;0,015001296997070312
2,736;0,05371856689453125;0,0029163360595703125
2,738;0,04944610595703125;-0,0029430389404296875
2,74;0,02832794189453125;0,0071887969970703125
2,742;0,08631134033203125;0,008287429809570312
2,744;0,03382110595703125;0,0043811798095703125
2,746;-0,05321502685546875;-0,0041637420654296875
2,748;-0,09947967529296875;-0,0019664764404296875
2,75;-0,15306854248046875;-0,0063610076904296875
2,752;-0,07225799560546875;-0,0039196014404296875
2,754;0,06726837158203125;0,0014514923095703125
2,756;-0,07164764404296875;-0,009168624877929688
2,758;0,00476837158203125;-0,0052623748779296875
2,76;0,09217071533203125;0,010118484497070312
2,762;0,02881622314453125;-0,0024547576904296875
2,764;-0,03050994873046875;-0,009778976440429688
2,766;0,00025177001953125;0,023302078247070312
2,768;-0,05455780029296875;-0,016248703002929688
2,77;-0,00267791748046875;-0,020277023315429688
2,772;-0,03820037841796875;0,008043289184570312
2,774;-0,08007049560546875;0,008165359497070312
2,776;-0,10668182373046875;-0,008680343627929688
2,778;0,10388946533203125;0,0043811798095703125
2,78;0,09680938720703125;-0,011243820190429688
2,782;0,04016876220703125;0,011827468872070312
2,784;0,00196075439453125;0,018419265747070312
2,786;-0,00511932373046875;0,0010852813720703125
2,788;-0,05260467529296875;-0,011121749877929688
2,79;-0,02880096435546875;-0,0031871795654296875
2,792;-0,02733612060546875;-0,0063610076904296875
2,794;-0,11876678466796875;-0,0062389373779296875
2,796;-0,12145233154296875;-0,0016002655029296875
2,798;-0,03075408935546875;0,0040149688720703125
2,8;0,11243438720703125;-0,0024547576904296875
2,802;-0,02196502685546875;0,0071887969970703125
2,804;0,01673126220703125;0,0063343048095703125
2,806;0,04236602783203125;0,015367507934570312
2,808;-0,02123260498046875;0,0043811798095703125
2,81;-0,06566619873046875;-0,0008678436279296875
2,812;0,00110626220703125;-0,0016002655029296875
2,814;-0,08190155029296875;-0,0062389373779296875
2,816;-0,15465545654296875;-0,020643234252929688
2,818;0,00061798095703125;-0,0036754608154296875
2,82;0,02613067626953125;0,0043811798095703125
2,822;0,04920196533203125;0,0023059844970703125
2,824;0,04627227783203125;0,0051136016845703125
2,826;0,02246856689453125;0,008287429809570312
2,828;0,02893829345703125;-0,0040416717529296875
2,83;0,01514434814453125;0,0014514923095703125
2,832;-0,08300018310546875;0,014146804809570312
2,834;-0,00121307373046875;-0,010877609252929688
2,836;-0,03307342529296875;-0,0066051483154296875
2,838;-0,14305877685546875;-0,0036754608154296875
2,84;0,05335235595703125;0,0057239532470703125
2,842;0,08252716064453125;0,0009632110595703125
2,844;0,07691192626953125;0,0060901641845703125
2,846;0,07947540283203125;0,0024280548095703125
2,848;0,07288360595703125;0,012193679809570312
2,85;0,03321075439453125;-0,0055065155029296875
2,852;0,04419708251953125;-0,012464523315429688
2,854;-0,00670623779296875;0,0071887969970703125
2,856;0,02417755126953125;-0,008558273315429688
2,858;-0,11656951904296875;-0,008680343627929688
2,86;0,01685333251953125;-0,0039196014404296875
2,862;0,03858184814453125;-0,0036754608154296875
2,864;0,11414337158203125;-0,0051403045654296875
2,866;0,07105255126953125;0,011217117309570312
2,868;0,03455352783203125;0,0059680938720703125
2,87;0,06067657470703125;0,0073108673095703125
2,872;0,09741973876953125;-0,010755538940429688
2,874;-0,04845428466796875;0,0077991485595703125
2,876;0,00586700439453125;0,0058460235595703125
2,878;-0,11949920654296875;-0,016492843627929688
2,88;-0,02342987060546875;0,0069446563720703125
2,882;0,04261016845703125;0,0013294219970703125
2,884;0,02967071533203125;-0,0062389373779296875
2,886;0,09766387939453125;0,0016956329345703125
2,888;0,06690216064453125;-0,0046520233154296875
2,89;-0,00096893310546875;0,0040149688720703125
2,892;0,12976837158203125;0,0053577423095703125
2,894;0,04053497314453125;0,0052356719970703125
2,896;-0,08348846435546875;-0,0008678436279296875
2,898;-0,09874725341796875;-0,0064830780029296875
2,9;-0,04393768310546875;0,0036487579345703125
2,902;-0,00865936279296875;-0,011610031127929688
2,904;-0,02477264404296875;0,008531570434570312
2,906;0,10303497314453125;0,0053577423095703125
2,908;0,04407501220703125;0,0032825469970703125
2,91;-0,00524139404296875;0,0054798126220703125
2,912;0,16175079345703125;0,009630203247070312
2,914;0,07605743408203125;0,0077991485595703125
2,916;-0,13597869873046875;-0,0026988983154296875
2,918;-0,06078338623046875;-0,0035533905029296875
2,92;-0,01305389404296875;0,008287429809570312
2,922;-0,02062225341796875;-0,0050182342529296875
2,924;-0,03514862060546875;0,0020618438720703125
2,926;-0,04051971435546875;-0,0007457733154296875
2,928;0,03125762939453125;-0,0040416717529296875
2,93;0,08545684814453125;0,0052356719970703125
2,932;0,09607696533203125;0,011705398559570312
2,934;0,08057403564453125;-0,0026988983154296875
2,936;-0,06444549560546875;0,0060901641845703125
2,938;-0,07665252685546875;-0,0042858123779296875
2,94;-0,00365447998046875;-0,0034313201904296875
2,942;-0,18993377685546875;-0,0013561248779296875
2,944;-0,06529998779296875;-0,0051403045654296875
2,946;-0,04674530029296875;-0,0013561248779296875
2,948;0,03064727783203125;0,008409500122070312
2,95;0,04163360595703125;-0,0034313201904296875
2,952;0,01392364501953125;0,009386062622070312
2,954;0,00965118408203125;-0,009778976440429688
2,956;-0,03038787841796875;0,011217117309570312
2,958;-0,09960174560546875;0,0019397735595703125
2,96;-0,06713104248046875;-0,023572921752929688
2,962;-0,17089080810546875;-0,0046520233154296875
2,964;-0,12425994873046875;-0,0053844451904296875
2,966;-0,03417205810546875;0,008653640747070312
2,968;-0,05834197998046875;-0,0029430389404296875
2,97;0,05628204345703125;-0,0031871795654296875
2,972;0,01746368408203125;0,013658523559570312
2,974;0,03772735595703125;0,0013294219970703125
2,976;-0,00829315185546875;-0,0025768280029296875
2,978;-0,08080291748046875;0,0074329376220703125
2,98;-0,07213592529296875;-0,009168624877929688
2,982;-0,01769256591796875;-0,0030651092529296875
2,984;-0,09410858154296875;0,0052356719970703125
2,986;-0,10692596435546875;-0,0050182342529296875
2,988;-0,15477752685546875;0,0004749298095703125
2,99;0,18555450439453125;0,0002307891845703125
2,992;0,07288360595703125;0,016466140747070312
2,994;0,02832794189453125;0,0037708282470703125
2,996;0,05286407470703125;-0,0024547576904296875
2,998;0,10266876220703125;0,0038928985595703125
3,0;-0,06066131591796875;-0,0016002655029296875
3,002;-0,01097869873046875;0,008043289184570312
3,004;-0,01158905029296875;-0,0009899139404296875
3,006;-0,06285858154296875;-0,0052623748779296875
3,008;-0,06493377685546875;-0,009778976440429688
3,01;0,04773712158203125;-0,0057506561279296875
3,012;0,17835235595703125;0,008287429809570312
3,014;0,01380157470703125;0,0064563751220703125
3,016;0,07190704345703125;-0,0012340545654296875
3,018;0,06507110595703125;0,010240554809570312
3,02;0,03528594970703125;0,0047473907470703125
3,022;0,01905059814453125;0,0015735626220703125
3,024;0,00086212158203125;-0,0030651092529296875
3,026;-0,07946014404296875;-0,014417648315429688
3,028;-0,04039764404296875;-0,0058727264404296875
3,03;-0,06249237060546875;-0,0057506561279296875
3,032;0,02417755126953125;-0,0069713592529296875
3,034;0,17713165283203125;0,0042591094970703125
3,036;0,04981231689453125;0,013048171997070312
3,038;0,02722930908203125;0,014146804809570312
3,04;0,08203887939453125;-0,0030651092529296875
3,042;0,07166290283203125;-0,0056285858154296875
3,044;-0,05467987060546875;-0,0019664764404296875
3,046;-0,05040740966796875;-0,0028209686279296875
3,048;-0,06041717529296875;-0,0019664764404296875
3,05;-0,11156463623046875;-0,0028209686279296875
3,052;-0,01525115966796875;-0,0022106170654296875
3,054;0,07813262939453125;0,008775711059570312
3,056;0,06836700439453125;0,0075550079345703125
3,058;0,08899688720703125;-0,0046520233154296875
3,06;0,12635040283203125;0,013658523559570312
3,062;0,10498809814453125;0,0049915313720703125
3,064;-0,02025604248046875;-0,0018444061279296875
3,066;-0,04967498779296875;-0,0023326873779296875
3,068;-0,07421112060546875;-0,0036754608154296875
3,07;-0,06468963623046875;-0,010023117065429688
3,072;0,05677032470703125;0,008775711059570312
3,074;-0,00499725341796875;-1,33514404296875e-05
3,076;0,06348419189453125;0,0045032501220703125
3,078;0,08374786376953125;0,0070667266845703125
3,08;0,11499786376953125;0,0014514923095703125
3,082;0,06421661376953125;0,016588211059570312
3,084;-0,03697967529296875;-0,0019664764404296875
3,086;-0,04235076904296875;0,0071887969970703125
3,088;0,01526641845703125;-0,0025768280029296875
3,09;-0,19274139404296875;-0,0052623748779296875
3,092;-0,03795623779296875;-0,013319015502929688
3,094;0,02869415283203125;0,0032825469970703125
3,096;0,07532501220703125;-0,0046520233154296875
3,098;-0,00719451904296875;0,0070667266845703125
3,1;-0,00804901123046875;0,0052356719970703125
3,102;0,09485626220703125;0,0052356719970703125
3,104;0,00843048095703125;0,008653640747070312
3,106;-0,09703826904296875;-0,0041637420654296875
3,108;-0,05663299560546875;-0,009290695190429688
3,11;-0,13964080810546875;-0,0018444061279296875
3,112;-0,06993865966796875;-0,0005016326904296875
3,114;-0,07994842529296875;0,0018177032470703125
3,116;-0,12841033935546875;-0,014173507690429688
3,118;0,09168243408203125;-0,014173507690429688
3,12;-0,00231170654296875;0,009874343872070312
3,122;0,00879669189453125;0,0047473907470703125
3,124;0,02820587158203125;-0,0016002655029296875
3,126;0,00623321533203125;0,0065784454345703125
3,128;-0,16539764404296875;0,0071887969970703125
3,13;-0,11608123779296875;-0,007947921752929688
3,132;-0,06591033935546875;0,0069446563720703125
3,134;-0,06041717529296875;-0,008802413940429688
3,136;-0,15196990966796875;-0,0016002655029296875
3,138;0,05652618408203125;0,0015735626220703125
3,14;0,06055450439453125;0,022325515747070312
3,142;0,06568145751953125;-0,0029430389404296875
3,144;0,07605743408203125;-0,0014781951904296875
3,146;0,03784942626953125;0,0008411407470703125
3,148;-0,06652069091796875;0,008409500122070312
3,15;-0,03014373779296875;-0,012220382690429688
3,152;-0,04149627685546875;-0,0019664764404296875
3,154;-0,06139373779296875;-0,010389328002929688
3,156;-0,01647186279296875;0,0059680938720703125
3,158;-0,04332733154296875;0,0063343048095703125
3,16;0,13990020751953125;0,010606765747070312
3,162;0,07251739501953125;-0,0057506561279296875
3,164;0,05872344970703125;0,010362625122070312
3,166;0,02722930908203125;0,0068225860595703125
3,168;0,00305938720703125;-0,0022106170654296875
3,17;-0,05956268310546875;0,012681961059570312
3,172;-0,01805877685546875;-0,0064830780029296875
3,174;-0,11547088623046875;0,0069446563720703125
3,176;-0,05309295654296875;-0,009412765502929688
3,178;-0,05846405029296875;-0,0055065155029296875
3,18;0,08606719970703125;-0,0012340545654296875
3,182;0,04077911376953125;0,0036487579345703125
3,184;0,03369903564453125;0,013292312622070312
3,186;0,12000274658203125;0,0070667266845703125
3,188;-0,00365447998046875;-0,0042858123779296875
3,19;-0,06029510498046875;0,0046253204345703125
3,192;0,10401153564453125;0,0018177032470703125
3,194;-0,05089569091796875;-0,0045299530029296875
3,196;-0,13011932373046875;-0,0026988983154296875
3,198;-0,05614471435546875;-0,0018444061279296875
3,2;0,04834747314453125;0,0073108673095703125
3,202;0,14282989501953125;0,0029163360595703125
3,204;0,06006622314453125;0,0047473907470703125
3,206;0,13953399658203125;-0,0035533905029296875
3,208;0,07154083251953125;0,0018177032470703125
3,21;-0,03893280029296875;-0,0039196014404296875
3,212;0,00598907470703125;0,0001087188720703125
3,214;0,02136993408203125;-0,012098312377929688
3,216;-0,07897186279296875;-0,0037975311279296875
3,218;-0,07201385498046875;0,0001087188720703125
3,22;-0,02513885498046875;0,0038928985595703125
3,222;0,04151153564453125;-0,010389328002929688
3,224;0,19300079345703125;0,010606765747070312
3,226;0,04065704345703125;0,010118484497070312
3,228;0,09876251220703125;0,0037708282470703125
3,23;0,11377716064453125;-0,0024547576904296875
3,232;0,02600860595703125;0,0027942657470703125
3,234;0,01209259033203125;0,0007190704345703125
3,236;-0,00096893310546875;-0,012708663940429688
3,238;-0,10167694091796875;0,0024280548095703125
3,24;-0,03575897216796875;0,0012073516845703125
3,242;0,00989532470703125;-0,0040416717529296875
3,244;0,09253692626953125;-0,009412765502929688
3,246;0,01306915283203125;0,0056018829345703125
3,248;0,08228302001953125;0,008409500122070312
3,25;0,09705352783203125;0,0042591094970703125
3,252;-0,01879119873046875;0,0067005157470703125
3,254;-0,03624725341796875;0,0065784454345703125
3,256;-0,00707244873046875;-0,010755538940429688
3,258;-0,21141815185546875;0,0001087188720703125
3,26;-0,18981170654296875;-0,0066051483154296875
3,262;0,03516387939453125;-0,0041637420654296875
3,264;0,06385040283203125;-1,33514404296875e-05
3,266;0,02478790283203125;-0,0026988983154296875
3,268;-0,00719451904296875;0,015611648559570312
3,27;0,05628204345703125;0,014390945434570312
3,272;0,01258087158203125;-0,0001354217529296875
3,274;-0,05040740966796875;-0,010633468627929688
3,276;-0,02220916748046875;-0,0061168670654296875
3,278;-0,07994842529296875;0,0009632110595703125
3,28;-0,19432830810546875;0,008165359497070312
3,282;-0,08434295654296875;-0,013685226440429688
3,284;0,00476837158203125;-0,014051437377929688
3,286;0,07752227783203125;0,008775711059570312
3,288;-0,00572967529296875;0,015001296997070312
3,29;0,05872344970703125;0,0040149688720703125
3,292;0,08997344970703125;0,013658523559570312
3,294;-0,05956268310546875;-0,0012340545654296875
3,296;-0,15380096435546875;0,008775711059570312
3,298;-0,02696990966796875;-0,013807296752929688
3,3;-0,20421600341796875;0,0047473907470703125
3,302;-0,13024139404296875;-0,014295578002929688
3,304;0,04676055908203125;-0,014295578002929688
3,306;0,04029083251953125;0,011461257934570312
3,308;0,01319122314453125;0,0036487579345703125
3,31;0,03797149658203125;-0,0034313201904296875
3,312;0,07935333251953125;0,008775711059570312
3,314;0,03052520751953125;-0,011487960815429688
3,316;-0,00316619873046875;-0,0029430389404296875
3,318;-0,00292205810546875;-0,0016002655029296875
3,32;-0,18199920654296875;0,0001087188720703125
3,322;-0,21434783935546875;-0,0063610076904296875
3,324;0,05261993408203125;-0,011365890502929688
3,326;0,07642364501953125;-0,0007457733154296875
3,328;0,11927032470703125;0,0026721954345703125
3,33;-0,00438690185546875;0,0052356719970703125
3,332;0,05567169189453125;0,009019851684570312
3,334;0,09998321533203125;-0,0051403045654296875
3,336;-0,08702850341796875;-0,0024547576904296875
3,338;-0,14501190185546875;0,0023059844970703125
3,34;-0,01818084716796875;-0,009412765502929688
3,342;-0,13158416748046875;0,0062122344970703125
3,344;-0,12718963623046875;-0,009168624877929688
3,346;-0,03514862060546875;0,0026721954345703125
3,348;0,18921661376953125;0,0038928985595703125
3,35;0,10669708251953125;0,0051136016845703125
3,352;0,00977325439453125;0,0077991485595703125
3,354;0,05835723876953125;0,013658523559570312
3,356;0,06482696533203125;-0,0001354217529296875
3,358;-0,03050994873046875;-0,0053844451904296875
3,36;-0,03002166748046875;-0,0028209686279296875
3,362;-0,03331756591796875;-0,009901046752929688
3,364;-0,03514862060546875;0,0070667266845703125
3,366;0,02429962158203125;0,0005970001220703125
3,368;-0,03636932373046875;0,0069446563720703125
3,37;0,14478302001953125;-0,0008678436279296875
3,372;0,05567169189453125;0,011461257934570312
3,374;0,06433868408203125;0,0043811798095703125
3,376;0,14258575439453125;0,0025501251220703125
3,378;0,00574493408203125;-0,0024547576904296875
3,38;-0,13097381591796875;0,0067005157470703125
3,382;-0,06871795654296875;-0,0003795623779296875
3,384;-0,00878143310546875;-0,0051403045654296875
3,386;-0,00145721435546875;-0,0058727264404296875
3,388;-0,06749725341796875;-0,0033092498779296875
3,39;0,09497833251953125;0,0034046173095703125
3,392;0,11499786376953125;0,0063343048095703125
3,394;0,06409454345703125;-0,0048961639404296875
3,396;0,14917755126953125;0,010728836059570312
3,398;0,02710723876953125;0,0038928985595703125
3,4;-0,07897186279296875;0,0012073516845703125
3,402;0,06824493408203125;-0,009656906127929688
3,404;-0,12535858154296875;-0,010267257690429688
3,406;-0,08068084716796875;0,0018177032470703125
3,408;-0,02770233154296875;0,0046253204345703125
3,41;0,04053497314453125;0,0018177032470703125
3,412;0,10694122314453125;0,0051136016845703125
3,414;0,05774688720703125;0,008043289184570312
3,416;0,10572052001953125;0,008043289184570312
3,418;0,08460235595703125;0,0026721954345703125
3,42;0,01026153564453125;0,0010852813720703125
3,422;-0,07067108154296875;0,0070667266845703125
3,424;0,02002716064453125;-0,016981124877929688
3,426;-0,16454315185546875;-0,0040416717529296875
3,428;-0,06945037841796875;0,008531570434570312
3,43;-0,02172088623046875;0,0070667266845703125
3,432;0,07202911376953125;-0,012464523315429688
3,434;0,04431915283203125;0,0018177032470703125
3,436;0,01233673095703125;0,014635086059570312
3,438;0,08057403564453125;0,009263992309570312
3,44;0,09314727783203125;0,0002307891845703125
3,442;-0,12340545654296875;-0,0064830780029296875
3,444;0,00354766845703125;0,0004749298095703125
3,446;-0,12206268310546875;0,0073108673095703125
3,448;-0,09471893310546875;-0,0003795623779296875
3,45;-0,03551483154296875;0,0012073516845703125
3,452;-0,12889862060546875;-0,010633468627929688
3,454;0,08679962158203125;-0,0007457733154296875
3,456;0,07349395751953125;0,013536453247070312
3,458;0,00318145751953125;0,015123367309570312
3,46;0,05835723876953125;-0,009290695190429688
3,462;-0,02220916748046875;-0,0029430389404296875
3,464;-0,04137420654296875;-0,0036754608154296875
3,466;-0,01842498779296875;-0,0042858123779296875
3,468;-0,18163299560546875;-0,0001354217529296875
3,47;-0,09496307373046875;0,0004749298095703125
3,472;-0,10643768310546875;-0,0023326873779296875
3,474;0,06958770751953125;-0,009901046752929688
3,476;0,13318634033203125;0,008531570434570312
3,478;0,00537872314453125;0,015977859497070312
3,48;0,04029083251953125;0,0004749298095703125
3,482;0,05091094970703125;-0,0022106170654296875
3,484;-0,07189178466796875;-0,0048961639404296875
3,486;-0,01903533935546875;-0,0019664764404296875
3,488;-0,19884490966796875;0,0003528594970703125
3,49;-0,15184783935546875;0,0054798126220703125
3,492;-0,04857635498046875;0,0008411407470703125
3,494;-0,01171112060546875;-0,0055065155029296875
3,496;0,10547637939453125;0,0063343048095703125
3,498;0,04004669189453125;0,0038928985595703125
3,5;0,06043243408203125;-0,0014781951904296875
3,502;0,11341094970703125;0,0030384063720703125
3,504;0,02173614501953125;-0,0024547576904296875
3,506;0,01538848876953125;-0,0014781951904296875
3,508;-0,05919647216796875;-0,0072154998779296875
3,51;-0,15612030029296875;0,0057239532470703125
3,512;-0,07201385498046875;-0,012342453002929688
3,514;-0,01720428466796875;0,0075550079345703125
3,516;0,15076446533203125;-0,0039196014404296875
3,518;0,13086700439453125;0,0024280548095703125
3,52;0,02674102783203125;0,009752273559570312
3,522;0,15076446533203125;0,0068225860595703125
3,524;0,06702423095703125;-0,0031871795654296875
3,526;-0,08080291748046875;-0,0048961639404296875
3,528;-0,02794647216796875;-0,0063610076904296875
3,53;-0,18737030029296875;0,0030384063720703125
3,532;-0,16747283935546875;0,0005970001220703125
3,534;0,01233673095703125;0,0023059844970703125
3,536;0,10498809814453125;-0,0064830780029296875
3,538;0,05164337158203125;-0,0063610076904296875
3,54;-0,01732635498046875;0,017076492309570312
3,542;0,18726348876953125;0,0058460235595703125
3,544;0,19641876220703125;0,0003528594970703125
3,546;-0,05541229248046875;-0,008802413940429688
3,548;-0,09569549560546875;0,0035266876220703125
3,55;-0,15441131591796875;-0,0012340545654296875
3,552;-0,13927459716796875;-0,0042858123779296875
3,554;0,08936309814453125;-0,016126632690429688
3,556;-0,00780487060546875;-0,0056285858154296875
3,558;0,11328887939453125;0,0040149688720703125
3,56;0,12073516845703125;0,023546218872070312
3,562;0,05237579345703125;0,010972976684570312
3,564;0,12317657470703125;0,0056018829345703125
3,566;-0,01976776123046875;-0,0062389373779296875
3,568;-0,09740447998046875;-0,0031871795654296875
3,57;-0,01927947998046875;-0,0066051483154296875
3,572;-0,16857147216796875;0,0023059844970703125
3,574;-0,06627655029296875;-0,010999679565429688
3,576;0,02210235595703125;0,008653640747070312
3,578;0,16712188720703125;0,0064563751220703125
3,58;0,12866973876953125;0,0003528594970703125
3,582;-0,01549530029296875;0,0042591094970703125
3,584;0,19287872314453125;0,015733718872070312
3,586;0,13721466064453125;-0,009656906127929688
3,588;-0,04589080810546875;0,0002307891845703125
3,59;-0,03881072998046875;0,007921218872070312
3,592;-0,17394256591796875;-0,0055065155029296875
3,594;-0,01366424560546875;-0,020399093627929688
3,596;0,00684356689453125;-0,0066051483154296875
3,598;0,03833770751953125;0,011339187622070312
3,6;0,09778594970703125;-0,0063610076904296875
3,602;0,00598907470703125;-0,0036754608154296875
3,604;0,04041290283203125;0,015733718872070312
3,606;0,08826446533203125;-0,0020885467529296875
3,608;0,02906036376953125;0,0021839141845703125
3,61;-0,09191131591796875;-0,0042858123779296875
3,612;0,00452423095703125;-0,007825851440429688
3,614;-0,14818572998046875;0,008653640747070312
3,616;-0,05101776123046875;-0,0030651092529296875
3,618;-0,15184783935546875;-0,012708663940429688
3,62;0,03137969970703125;-0,0033092498779296875
3,622;0,14783477783203125;0,0037708282470703125
3,624;-0,00292205810546875;0,016588211059570312
3,626;0,03760528564453125;0,0021839141845703125
3,628;0,09827423095703125;-0,0018444061279296875
3,63;-0,07091522216796875;-0,0073375701904296875
3,632;-0,09362030029296875;0,008775711059570312
3,634;-0,12352752685546875;0,0012073516845703125
3,636;-0,08397674560546875;-0,0067272186279296875
3,638;0,00257110595703125;0,0040149688720703125
3,64;-0,16796112060546875;-0,0036754608154296875
3,642;0,07471466064453125;0,0058460235595703125
3,644;0,08057403564453125;0,011583328247070312
3,646;0,06482696533203125;0,0020618438720703125
3,648;0,04199981689453125;0,0071887969970703125
3,65;-0,05309295654296875;0,0021839141845703125
3,652;-0,12181854248046875;0,0076770782470703125
3,654;0,00330352783203125;-0,013441085815429688
3,656;-0,14940643310546875;0,0037708282470703125
3,658;-0,10448455810546875;-0,0036754608154296875
3,66;-0,10009002685546875;-0,0063610076904296875
3,662;0,08203887939453125;0,0073108673095703125
3,664;0,09937286376953125;0,0038928985595703125
3,666;0,10474395751953125;0,0067005157470703125
3,668;0,09778594970703125;0,0062122344970703125
3,67;0,04700469970703125;-0,0037975311279296875
3,672;-0,15209197998046875;0,012926101684570312
3,674;0,00257110595703125;-0,013563156127929688
3,676;-0,10961151123046875;-0,0037975311279296875
3,678;-0,07799530029296875;-0,0061168670654296875
3,68;-0,03356170654296875;-0,0062389373779296875
3,682;-0,05858612060546875;-0,0050182342529296875
3,684;0,16724395751953125;0,008043289184570312
3,686;0,04676055908203125;0,011095046997070312
3,688;0,06519317626953125;0,0007190704345703125
3,69;0,14698028564453125;-0,0007457733154296875
3,692;0,14698028564453125;-0,0007457733154296875
3,694;0,14698028564453125;-0,0007457733154296875
3,696;0,14698028564453125;-0,0007457733154296875
